Model,Description,Variable,Coefficient,Std_Error,P_Value,Sig
RC0-A-VULN,VULN-Baseline (GDP Model),Intercept,0.583102563123806,0.04029224857145108,1.825504226949516e-47,***
RC0-A-VULN,VULN-Baseline (GDP Model),C(REGION)[T.Europe & Central Asia],-0.057776154965127696,0.051811212448509246,0.2647953985810564,
RC0-A-VULN,VULN-Baseline (GDP Model),C(REGION)[T.Latin America & Caribbean],0.10489292011947593,0.05026645143941033,0.03691181389455333,**
RC0-A-VULN,VULN-Baseline (GDP Model),C(REGION)[T.Middle East & North Africa],0.09839501344204932,0.07604995703514376,0.19572733907335504,
RC0-A-VULN,VULN-Baseline (GDP Model),C(REGION)[T.North America],0.1499064802417552,0.10215220505511897,0.14224509391064558,
RC0-A-VULN,VULN-Baseline (GDP Model),C(REGION)[T.South Asia],-0.22097552774528506,0.1000431689350758,0.027188432497612273,**
RC0-A-VULN,VULN-Baseline (GDP Model),C(REGION)[T.Sub-Saharan Africa],-0.22764282062014893,0.06313887936814837,0.00031163628220291697,***
RC0-A-VULN,VULN-Baseline (GDP Model),C_POVERTY,-0.0009680367594637952,0.0018957943226033738,0.6096148550254452,
RC0-A-VULN,VULN-Baseline (GDP Model),C_log_GDP,0.08553789025052215,0.024060017424357424,0.00037770861736865217,***
RC0-A-VULN,VULN-Baseline (GDP Model),C_log_DIS_EQK,0.06415399506028482,0.01800292266311249,0.00036589775202084394,***
RC0-A-VULN,VULN-Baseline (GDP Model),C_log_DIS_STM,0.008605209371836182,0.016335129175239275,0.5983382939522037,
RC0-A-VULN,VULN-Baseline (GDP Model),C_log_DIS_FLD,-0.03319683625730382,0.017011580432905894,0.05100641973999356,*
RC0-A-VULN,,R-squared,0.657609387427827,,,
RC0-A-VULN,,Adj. R-squared,0.6303173820778712,,,
RC0-A-VULN,,N,150.0,,,
RC0-A-ONLY,ONLY-Baseline  (GDP Model),Intercept,0.2511159872369891,0.05189130091866243,1.3031726717978554e-06,***
RC0-A-ONLY,ONLY-Baseline  (GDP Model),C(REGION)[T.Europe & Central Asia],0.1295266894994731,0.06682339837375739,0.052581347564066364,*
RC0-A-ONLY,ONLY-Baseline  (GDP Model),C(REGION)[T.Latin America & Caribbean],-0.15323875422613165,0.055130627575422336,0.005443300097651034,***
RC0-A-ONLY,ONLY-Baseline  (GDP Model),C(REGION)[T.Middle East & North Africa],0.2598210000693486,0.09018094859647971,0.003962805584664074,***
RC0-A-ONLY,ONLY-Baseline  (GDP Model),C(REGION)[T.North America],-0.3431977676118513,0.08734381692961918,8.520279764035379e-05,***
RC0-A-ONLY,ONLY-Baseline  (GDP Model),C(REGION)[T.South Asia],0.10958635455128919,0.10855984033253135,0.31275611524933644,
RC0-A-ONLY,ONLY-Baseline  (GDP Model),C(REGION)[T.Sub-Saharan Africa],-0.022183334647291487,0.05999917376082783,0.7115856620410335,
RC0-A-ONLY,ONLY-Baseline  (GDP Model),C_POVERTY,0.0007375706359956289,0.0016734291969519397,0.6593910882834643,
RC0-A-ONLY,ONLY-Baseline  (GDP Model),C_log_GDP,0.0956726450935745,0.02662788882025102,0.0003269566658003535,***
RC0-A-ONLY,ONLY-Baseline  (GDP Model),C_log_DIS_EQK,0.04081076480715715,0.0202976230662005,0.04436582904897769,**
RC0-A-ONLY,ONLY-Baseline  (GDP Model),C_log_DIS_STM,-0.0023365169466654074,0.014206841300825057,0.869365718490353,
RC0-A-ONLY,ONLY-Baseline  (GDP Model),C_log_DIS_FLD,-0.014611052914242365,0.016620389954434676,0.3793448361695042,
RC0-A-ONLY,,R-squared,0.6047511392650435,,,
RC0-A-ONLY,,Adj. R-squared,0.5732457952934167,,,
RC0-A-ONLY,,N,150.0,,,
RC0-B-VULN,VULN-Baseline  (Inst. Model),Intercept,0.5579794729741356,0.03714752338838512,5.378812825486532e-51,***
RC0-B-VULN,VULN-Baseline  (Inst. Model),C(REGION)[T.Europe & Central Asia],-0.014331945251263762,0.04613338147255186,0.7560566539749962,
RC0-B-VULN,VULN-Baseline  (Inst. Model),C(REGION)[T.Latin America & Caribbean],0.1634880243131498,0.04758862595928728,0.0005915853300357362,***
RC0-B-VULN,VULN-Baseline  (Inst. Model),C(REGION)[T.Middle East & North Africa],0.12546819584819943,0.0746156102319776,0.09266051170598048,*
RC0-B-VULN,VULN-Baseline  (Inst. Model),C(REGION)[T.North America],0.17008277009421469,0.07955019373635204,0.0325121973617433,**
RC0-B-VULN,VULN-Baseline  (Inst. Model),C(REGION)[T.South Asia],-0.23300099046456646,0.08961704992635189,0.009323388363808336,***
RC0-B-VULN,VULN-Baseline  (Inst. Model),C(REGION)[T.Sub-Saharan Africa],-0.22446026891958018,0.0572692971440414,8.877620614579108e-05,***
RC0-B-VULN,VULN-Baseline  (Inst. Model),C_POVERTY,-0.0026826292446704464,0.0015575619119076864,0.08501049581275133,*
RC0-B-VULN,VULN-Baseline  (Inst. Model),C_GOV_EFF,0.06751466664923632,0.020744495339713443,0.001135592652395261,***
RC0-B-VULN,VULN-Baseline  (Inst. Model),C_CDBQ,0.008821131995130784,0.006023492984804457,0.14306977972818793,
RC0-B-VULN,VULN-Baseline  (Inst. Model),C_log_DIS_EQK,0.05487394383498658,0.017788789556215302,0.0020372426845810883,***
RC0-B-VULN,VULN-Baseline  (Inst. Model),C_log_DIS_STM,0.010391063316866449,0.014877238141605012,0.4848934491380378,
RC0-B-VULN,VULN-Baseline  (Inst. Model),C_log_DIS_FLD,-0.030589229856723577,0.018875475374351424,0.10510760823465423,
RC0-B-VULN,,R-squared,0.663185539742449,,,
RC0-B-VULN,,Adj. R-squared,0.6336835432235395,,,
RC0-B-VULN,,N,150.0,,,
RC0-B-ONLY,ONLY-Baseline  (Inst. Model),Intercept,0.2260929392722255,0.051730957415881365,1.2393173939514308e-05,***
RC0-B-ONLY,ONLY-Baseline  (Inst. Model),C(REGION)[T.Europe & Central Asia],0.18091672141232043,0.06308586529386898,0.004133558444442722,***
RC0-B-ONLY,ONLY-Baseline  (Inst. Model),C(REGION)[T.Latin America & Caribbean],-0.09568559432056904,0.053731257914892486,0.07494217856733186,*
RC0-B-ONLY,ONLY-Baseline  (Inst. Model),C(REGION)[T.Middle East & North Africa],0.27790316072649196,0.08645295383830526,0.0013067117459152015,***
RC0-B-ONLY,ONLY-Baseline  (Inst. Model),C(REGION)[T.North America],-0.3053376598257626,0.08120498137518857,0.00016985540464848318,***
RC0-B-ONLY,ONLY-Baseline  (Inst. Model),C(REGION)[T.South Asia],0.09018948804756187,0.10359175490528308,0.3839593821443371,
RC0-B-ONLY,ONLY-Baseline  (Inst. Model),C(REGION)[T.Sub-Saharan Africa],-0.024217167629654274,0.05872720697508236,0.6800703787659834,
RC0-B-ONLY,ONLY-Baseline  (Inst. Model),C_POVERTY,-0.0016048415603550994,0.0012562712069961964,0.20143839262565388,
RC0-B-ONLY,ONLY-Baseline  (Inst. Model),C_GOV_EFF,0.05650762817464623,0.021643973142627213,0.009033628014371338,***
RC0-B-ONLY,ONLY-Baseline  (Inst. Model),C_CDBQ,0.011262117376472858,0.005508382989371793,0.0409000863413751,**
RC0-B-ONLY,ONLY-Baseline  (Inst. Model),C_log_DIS_EQK,0.02946574314514692,0.02176523822516674,0.1758007268550016,
RC0-B-ONLY,ONLY-Baseline  (Inst. Model),C_log_DIS_STM,0.002583762004139088,0.014108800524257057,0.854695051548987,
RC0-B-ONLY,ONLY-Baseline  (Inst. Model),C_log_DIS_FLD,-0.01552862892367266,0.01765160243363715,0.37900606269108894,
RC0-B-ONLY,,R-squared,0.5950484924337565,,,
RC0-B-ONLY,,Adj. R-squared,0.5595782873914579,,,
RC0-B-ONLY,,N,150.0,,,
RC1-A-VULN,VULN-Poverty Quartiles (GDP Model),Intercept,0.6427573489008115,0.04778260244255568,3.0086476820347907e-41,***
RC1-A-VULN,VULN-Poverty Quartiles (GDP Model),C(REGION)[T.Europe & Central Asia],-0.06643745620672434,0.05150919026807513,0.1971140223680795,
RC1-A-VULN,VULN-Poverty Quartiles (GDP Model),C(REGION)[T.Latin America & Caribbean],0.1135575514354228,0.04870794180837317,0.01973243338676856,**
RC1-A-VULN,VULN-Poverty Quartiles (GDP Model),C(REGION)[T.Middle East & North Africa],0.09010204410895163,0.07433613036817881,0.2254781173557775,
RC1-A-VULN,VULN-Poverty Quartiles (GDP Model),C(REGION)[T.North America],0.1560260886752664,0.08534395749229548,0.06751907415542241,*
RC1-A-VULN,VULN-Poverty Quartiles (GDP Model),C(REGION)[T.South Asia],-0.22670923432392123,0.09545502407713337,0.0175471810356549,**
RC1-A-VULN,VULN-Poverty Quartiles (GDP Model),C(REGION)[T.Sub-Saharan Africa],-0.19527775815570467,0.06302566043065504,0.0019457849906114658,***
RC1-A-VULN,VULN-Poverty Quartiles (GDP Model),Poverty_Q2,-0.05332104729071999,0.04708658732458897,0.2574645574015678,
RC1-A-VULN,VULN-Poverty Quartiles (GDP Model),Poverty_Q3,-0.07872991199538351,0.055049308595350045,0.15266801285957826,
RC1-A-VULN,VULN-Poverty Quartiles (GDP Model),Poverty_Q4,-0.14707834682800705,0.07649962721983891,0.054530035339535286,*
RC1-A-VULN,VULN-Poverty Quartiles (GDP Model),C_log_GDP,0.06500308223023873,0.02442516022534242,0.007783575128809918,***
RC1-A-VULN,VULN-Poverty Quartiles (GDP Model),C_log_DIS_EQK,0.06527845173142544,0.018359959255378016,0.0003772909126083468,***
RC1-A-VULN,VULN-Poverty Quartiles (GDP Model),C_log_DIS_STM,0.007609309901289656,0.016202092879773092,0.6386052290350379,
RC1-A-VULN,VULN-Poverty Quartiles (GDP Model),C_log_DIS_FLD,-0.031122139566544114,0.01705253378746379,0.0679898319947875,*
RC1-A-VULN,,R-squared,0.6665956647799856,,,
RC1-A-VULN,,Adj. R-squared,0.6347261327368958,,,
RC1-A-VULN,,N,150.0,,,
RC1-A-ONLY,ONLY-Poverty Quartiles (GDP Model),Intercept,0.35983975574578936,0.054524870407876534,4.124001372438178e-11,***
RC1-A-ONLY,ONLY-Poverty Quartiles (GDP Model),C(REGION)[T.Europe & Central Asia],0.11558422981708794,0.055273879690851145,0.03651744689367404,**
RC1-A-ONLY,ONLY-Poverty Quartiles (GDP Model),C(REGION)[T.Latin America & Caribbean],-0.11921357251685248,0.0461860373614145,0.009846880732525765,***
RC1-A-ONLY,ONLY-Poverty Quartiles (GDP Model),C(REGION)[T.Middle East & North Africa],0.24659413048447104,0.08304672805174688,0.0029843832505142887,***
RC1-A-ONLY,ONLY-Poverty Quartiles (GDP Model),C(REGION)[T.North America],-0.3296837955944009,0.0653314888313839,4.5039371458827626e-07,***
RC1-A-ONLY,ONLY-Poverty Quartiles (GDP Model),C(REGION)[T.South Asia],0.11358102938296259,0.08929571667381851,0.20338554273274623,
RC1-A-ONLY,ONLY-Poverty Quartiles (GDP Model),C(REGION)[T.Sub-Saharan Africa],0.022706915456082815,0.05229163191437996,0.6641169848143595,
RC1-A-ONLY,ONLY-Poverty Quartiles (GDP Model),Poverty_Q2,-0.14105483490799606,0.043084062904601726,0.001060574037312213,***
RC1-A-ONLY,ONLY-Poverty Quartiles (GDP Model),Poverty_Q3,-0.1849191479277762,0.05059940304130858,0.0002576116349102707,***
RC1-A-ONLY,ONLY-Poverty Quartiles (GDP Model),Poverty_Q4,-0.19553270019414126,0.07615076874956016,0.01023742735712282,**
RC1-A-ONLY,ONLY-Poverty Quartiles (GDP Model),C_log_GDP,0.05261692618721456,0.024384392622740364,0.030942479676065723,**
RC1-A-ONLY,ONLY-Poverty Quartiles (GDP Model),C_log_DIS_EQK,0.0465849892763636,0.017349344493369265,0.007250480234834882,***
RC1-A-ONLY,ONLY-Poverty Quartiles (GDP Model),C_log_DIS_STM,-0.0018805823334660352,0.012636337160750874,0.8816930061075097,
RC1-A-ONLY,ONLY-Poverty Quartiles (GDP Model),C_log_DIS_FLD,-0.010368300663038007,0.015041831691804413,0.4906359168483816,
RC1-A-ONLY,,R-squared,0.6558182830696613,,,
RC1-A-ONLY,,Adj. R-squared,0.6229185601277907,,,
RC1-A-ONLY,,N,150.0,,,
RC1-B-VULN,VULN-Poverty Quartiles (Inst. Model),Intercept,0.6329858132703481,0.048962349070303175,3.128045791397101e-38,***
RC1-B-VULN,VULN-Poverty Quartiles (Inst. Model),C(REGION)[T.Europe & Central Asia],-0.036562409815248664,0.05044580052437554,0.4685833278133539,
RC1-B-VULN,VULN-Poverty Quartiles (Inst. Model),C(REGION)[T.Latin America & Caribbean],0.15918296417283564,0.047964442134233114,0.000904147821532773,***
RC1-B-VULN,VULN-Poverty Quartiles (Inst. Model),C(REGION)[T.Middle East & North Africa],0.11103906244428419,0.07611507682059859,0.14461152384682463,
RC1-B-VULN,VULN-Poverty Quartiles (Inst. Model),C(REGION)[T.North America],0.16752482736969315,0.06794114366634368,0.013673261079896306,**
RC1-B-VULN,VULN-Poverty Quartiles (Inst. Model),C(REGION)[T.South Asia],-0.23369348244136745,0.08714406237616854,0.007325099834150519,***
RC1-B-VULN,VULN-Poverty Quartiles (Inst. Model),C(REGION)[T.Sub-Saharan Africa],-0.200978134296437,0.06053877486464103,0.000900739136250898,***
RC1-B-VULN,VULN-Poverty Quartiles (Inst. Model),Poverty_Q2,-0.049820012425336346,0.04537389718271187,0.2722095579072431,
RC1-B-VULN,VULN-Poverty Quartiles (Inst. Model),Poverty_Q3,-0.08436001518186347,0.05492729268080695,0.12457547397033988,
RC1-B-VULN,VULN-Poverty Quartiles (Inst. Model),Poverty_Q4,-0.17034016301166,0.07277217788933829,0.019245978537819456,**
RC1-B-VULN,VULN-Poverty Quartiles (Inst. Model),C_GOV_EFF,0.05733361162267722,0.021795029377717635,0.008523880759704575,***
RC1-B-VULN,VULN-Poverty Quartiles (Inst. Model),C_CDBQ,0.0066385500127782255,0.006559745090725637,0.3115316406079113,
RC1-B-VULN,VULN-Poverty Quartiles (Inst. Model),C_log_DIS_EQK,0.05835303757373872,0.01835961860181708,0.001481229651381629,***
RC1-B-VULN,VULN-Poverty Quartiles (Inst. Model),C_log_DIS_STM,0.006655727722175346,0.015327764155169572,0.664123670992863,
RC1-B-VULN,VULN-Poverty Quartiles (Inst. Model),C_log_DIS_FLD,-0.028573154830567944,0.019058621803684176,0.13381537280337186,
RC1-B-VULN,,R-squared,0.6722079174763624,,,
RC1-B-VULN,,Adj. R-squared,0.6382146644739112,,,
RC1-B-VULN,,N,150.0,,,
RC1-B-ONLY,ONLY-Poverty Quartiles (Inst. Model),Intercept,0.36465262712358154,0.05713782018352233,1.7480877322174324e-10,***
RC1-B-ONLY,ONLY-Poverty Quartiles (Inst. Model),C(REGION)[T.Europe & Central Asia],0.1352402334426876,0.05504561420898745,0.01401511593539617,**
RC1-B-ONLY,ONLY-Poverty Quartiles (Inst. Model),C(REGION)[T.Latin America & Caribbean],-0.08866417315025785,0.0484925356182115,0.06748823930507257,*
RC1-B-ONLY,ONLY-Poverty Quartiles (Inst. Model),C(REGION)[T.Middle East & North Africa],0.2450664889478422,0.08068350294691493,0.0023864410015585944,***
RC1-B-ONLY,ONLY-Poverty Quartiles (Inst. Model),C(REGION)[T.North America],-0.3115504932705556,0.07281368819870025,1.879582796167816e-05,***
RC1-B-ONLY,ONLY-Poverty Quartiles (Inst. Model),C(REGION)[T.South Asia],0.10305485064227493,0.08549168311082565,0.2280345880775737,
RC1-B-ONLY,ONLY-Poverty Quartiles (Inst. Model),C(REGION)[T.Sub-Saharan Africa],0.009388322116436554,0.053602291530233666,0.8609635191062917,
RC1-B-ONLY,ONLY-Poverty Quartiles (Inst. Model),Poverty_Q2,-0.1432848286246275,0.0437700254870329,0.0010619304963956472,***
RC1-B-ONLY,ONLY-Poverty Quartiles (Inst. Model),Poverty_Q3,-0.19946679941679324,0.0506510935081664,8.214471821782631e-05,***
RC1-B-ONLY,ONLY-Poverty Quartiles (Inst. Model),Poverty_Q4,-0.2260902887924738,0.07078867426739861,0.001403761182661071,***
RC1-B-ONLY,ONLY-Poverty Quartiles (Inst. Model),C_GOV_EFF,0.0295090170704204,0.020864912501408497,0.15727705364998926,
RC1-B-ONLY,ONLY-Poverty Quartiles (Inst. Model),C_CDBQ,0.007939357205620398,0.0054548981647333265,0.1455434208016577,
RC1-B-ONLY,ONLY-Poverty Quartiles (Inst. Model),C_log_DIS_EQK,0.03985698643690639,0.018750286421343954,0.03353045726889619,**
RC1-B-ONLY,ONLY-Poverty Quartiles (Inst. Model),C_log_DIS_STM,-0.0007953655786849736,0.012795971262850798,0.9504374074137207,
RC1-B-ONLY,ONLY-Poverty Quartiles (Inst. Model),C_log_DIS_FLD,-0.01260165159128538,0.016412974683672647,0.442614354615291,
RC1-B-ONLY,,R-squared,0.6544538232224122,,,
RC1-B-ONLY,,Adj. R-squared,0.6186194048899216,,,
RC1-B-ONLY,,N,150.0,,,
RC2-A-VULN,VULN-Poverty HC $4.20 (GDP Model),Intercept,0.5753992400757697,0.037064686830149005,2.3799029137585685e-54,***
RC2-A-VULN,VULN-Poverty HC $4.20 (GDP Model),C(REGION)[T.Europe & Central Asia],-0.056198158556921896,0.0496978089183186,0.2581403283947483,
RC2-A-VULN,VULN-Poverty HC $4.20 (GDP Model),C(REGION)[T.Latin America & Caribbean],0.09713196149333989,0.04851928624573297,0.04529282198446563,**
RC2-A-VULN,VULN-Poverty HC $4.20 (GDP Model),C(REGION)[T.Middle East & North Africa],0.09362004079301474,0.07293782836387842,0.1992961364145398,
RC2-A-VULN,VULN-Poverty HC $4.20 (GDP Model),C(REGION)[T.North America],0.15130283733613475,0.10131840445587377,0.13534818108743663,
RC2-A-VULN,VULN-Poverty HC $4.20 (GDP Model),C(REGION)[T.South Asia],-0.22775833290072584,0.09780105738525201,0.019870080453452867,**
RC2-A-VULN,VULN-Poverty HC $4.20 (GDP Model),C(REGION)[T.Sub-Saharan Africa],-0.1941718844383685,0.06351169243682797,0.0022336893743953663,***
RC2-A-VULN,VULN-Poverty HC $4.20 (GDP Model),C_POVERTY_420,-0.0019498827878593867,0.0012669476553757095,0.12379459522664689,
RC2-A-VULN,VULN-Poverty HC $4.20 (GDP Model),C_log_GDP,0.06420268139338647,0.027954689137642666,0.021637631707249638,**
RC2-A-VULN,VULN-Poverty HC $4.20 (GDP Model),C_log_DIS_EQK,0.06314235669888144,0.018058134162191264,0.00047119998406314634,***
RC2-A-VULN,VULN-Poverty HC $4.20 (GDP Model),C_log_DIS_STM,0.010051563160633364,0.01595410820016688,0.5286751052463998,
RC2-A-VULN,VULN-Poverty HC $4.20 (GDP Model),C_log_DIS_FLD,-0.030419364617678375,0.017313307485037035,0.07891895746516255,*
RC2-A-VULN,,R-squared,0.6632046904380438,,,
RC2-A-VULN,,Adj. R-squared,0.6363586875019458,,,
RC2-A-VULN,,N,150.0,,,
RC2-A-ONLY,ONLY-Poverty HC $4.20 (GDP Model),Intercept,0.24317881104293818,0.04988462478583019,1.0890500931982536e-06,***
RC2-A-ONLY,ONLY-Poverty HC $4.20 (GDP Model),C(REGION)[T.Europe & Central Asia],0.13459516940638497,0.06535142601915413,0.039440643374720585,**
RC2-A-ONLY,ONLY-Poverty HC $4.20 (GDP Model),C(REGION)[T.Latin America & Caribbean],-0.15509165314743034,0.05565481536794245,0.00532525338644593,***
RC2-A-ONLY,ONLY-Poverty HC $4.20 (GDP Model),C(REGION)[T.Middle East & North Africa],0.2602917333388676,0.08853102138679529,0.0032808627246824784,***
RC2-A-ONLY,ONLY-Poverty HC $4.20 (GDP Model),C(REGION)[T.North America],-0.34031406988851465,0.08683342828195759,8.88582369599886e-05,***
RC2-A-ONLY,ONLY-Poverty HC $4.20 (GDP Model),C(REGION)[T.South Asia],0.10345856734476581,0.10784005785858305,0.3373721443511819,
RC2-A-ONLY,ONLY-Poverty HC $4.20 (GDP Model),C(REGION)[T.Sub-Saharan Africa],0.0031072185869379224,0.060657906743327654,0.9591460034258272,
RC2-A-ONLY,ONLY-Poverty HC $4.20 (GDP Model),C_POVERTY_420,-0.0006031901488512969,0.001242274928371886,0.6272842233831288,
RC2-A-ONLY,ONLY-Poverty HC $4.20 (GDP Model),C_log_GDP,0.0825685711820758,0.02935019077315284,0.004904793844185305,***
RC2-A-ONLY,ONLY-Poverty HC $4.20 (GDP Model),C_log_DIS_EQK,0.04007893315229988,0.020310783153934437,0.04846327238246246,**
RC2-A-ONLY,ONLY-Poverty HC $4.20 (GDP Model),C_log_DIS_STM,-0.0003295082047524351,0.013746628497894773,0.9808764501816922,
RC2-A-ONLY,ONLY-Poverty HC $4.20 (GDP Model),C_log_DIS_FLD,-0.013045920699839878,0.01698852018968794,0.4425313475148086,
RC2-A-ONLY,,R-squared,0.6051163654618069,,,
RC2-A-ONLY,,Adj. R-squared,0.5736401337232553,,,
RC2-A-ONLY,,N,150.0,,,
RC2-B-VULN,VULN-Poverty HC $4.20 (Inst. Model),Intercept,0.5596397368632194,0.03459395395468808,7.282142694514761e-59,***
RC2-B-VULN,VULN-Poverty HC $4.20 (Inst. Model),C(REGION)[T.Europe & Central Asia],-0.03325382574697884,0.04555912687824362,0.4654483733228789,
RC2-B-VULN,VULN-Poverty HC $4.20 (Inst. Model),C(REGION)[T.Latin America & Caribbean],0.14009242117404352,0.046578009828963096,0.002632376676986245,***
RC2-B-VULN,VULN-Poverty HC $4.20 (Inst. Model),C(REGION)[T.Middle East & North Africa],0.10948461980460178,0.07335244916193877,0.13554637184217838,
RC2-B-VULN,VULN-Poverty HC $4.20 (Inst. Model),C(REGION)[T.North America],0.15405263675396266,0.08101136715745286,0.05722117312637596,*
RC2-B-VULN,VULN-Poverty HC $4.20 (Inst. Model),C(REGION)[T.South Asia],-0.23431827620167034,0.08732174797578585,0.007288001862135289,***
RC2-B-VULN,VULN-Poverty HC $4.20 (Inst. Model),C(REGION)[T.Sub-Saharan Africa],-0.19049031517672055,0.05748319011393603,0.0009202288741713313,***
RC2-B-VULN,VULN-Poverty HC $4.20 (Inst. Model),C_POVERTY_420,-0.0025743195470533486,0.0009587553370994903,0.007251589472938716,***
RC2-B-VULN,VULN-Poverty HC $4.20 (Inst. Model),C_GOV_EFF,0.05703010608461211,0.021653843133206844,0.008445571877134912,***
RC2-B-VULN,VULN-Poverty HC $4.20 (Inst. Model),C_CDBQ,0.007198395236051791,0.0060672594997939686,0.23545145363126418,
RC2-B-VULN,VULN-Poverty HC $4.20 (Inst. Model),C_log_DIS_EQK,0.056027386610196454,0.017782472775702624,0.0016287500519762876,***
RC2-B-VULN,VULN-Poverty HC $4.20 (Inst. Model),C_log_DIS_STM,0.009358806097737747,0.01477088515258644,0.5263430823486384,
RC2-B-VULN,VULN-Poverty HC $4.20 (Inst. Model),C_log_DIS_FLD,-0.027493854657314312,0.0188122812896779,0.1438825678402939,
RC2-B-VULN,,R-squared,0.6735993274997962,,,
RC2-B-VULN,,Adj. R-squared,0.6450094875727711,,,
RC2-B-VULN,,N,150.0,,,
RC2-B-ONLY,ONLY-Poverty HC $4.20 (Inst. Model),Intercept,0.2259260464433192,0.050192100754218205,6.756225597288486e-06,***
RC2-B-ONLY,ONLY-Poverty HC $4.20 (Inst. Model),C(REGION)[T.Europe & Central Asia],0.16707972309187133,0.0641209397868085,0.009168760327329514,***
RC2-B-ONLY,ONLY-Poverty HC $4.20 (Inst. Model),C(REGION)[T.Latin America & Caribbean],-0.11372346702769015,0.056446487035940865,0.04393473710190941,**
RC2-B-ONLY,ONLY-Poverty HC $4.20 (Inst. Model),C(REGION)[T.Middle East & North Africa],0.26630770205175874,0.08647882955170548,0.0020737939059796793,***
RC2-B-ONLY,ONLY-Poverty HC $4.20 (Inst. Model),C(REGION)[T.North America],-0.3178553790452945,0.0814496128728913,9.521262068706104e-05,***
RC2-B-ONLY,ONLY-Poverty HC $4.20 (Inst. Model),C(REGION)[T.South Asia],0.0882086315832873,0.10106192807071591,0.38276249374878013,
RC2-B-ONLY,ONLY-Poverty HC $4.20 (Inst. Model),C(REGION)[T.Sub-Saharan Africa],0.006378742989926609,0.05862583922752925,0.913357718698682,
RC2-B-ONLY,ONLY-Poverty HC $4.20 (Inst. Model),C_POVERTY_420,-0.0018618869034508325,0.00091961771223984,0.04290522668349048,**
RC2-B-ONLY,ONLY-Poverty HC $4.20 (Inst. Model),C_GOV_EFF,0.04793135390675591,0.021877592328488047,0.02845990029839765,**
RC2-B-ONLY,ONLY-Poverty HC $4.20 (Inst. Model),C_CDBQ,0.009898705473081904,0.005457238441092058,0.0696981830980037,*
RC2-B-ONLY,ONLY-Poverty HC $4.20 (Inst. Model),C_log_DIS_EQK,0.030382100464615085,0.021620092954040965,0.1599405596684912,
RC2-B-ONLY,ONLY-Poverty HC $4.20 (Inst. Model),C_log_DIS_STM,0.0022314953030445105,0.013822259820163421,0.871745173441493,
RC2-B-ONLY,ONLY-Poverty HC $4.20 (Inst. Model),C_log_DIS_FLD,-0.01298510492744823,0.017721617663963473,0.4637250498452399,
RC2-B-ONLY,,R-squared,0.6036378167886993,,,
RC2-B-ONLY,,Adj. R-squared,0.5689199613249358,,,
RC2-B-ONLY,,N,150.0,,,
RC3-A-VULN,VULN-Poverty Gap $3.00 (GDP Model),Intercept,0.5897876423208037,0.04019582262232403,9.6204336727154e-49,***
RC3-A-VULN,VULN-Poverty Gap $3.00 (GDP Model),C(REGION)[T.Europe & Central Asia],-0.0634825805408527,0.05201891018728179,0.22232272803823727,
RC3-A-VULN,VULN-Poverty Gap $3.00 (GDP Model),C(REGION)[T.Latin America & Caribbean],0.10390146851604025,0.050821458127661506,0.040910008488758885,**
RC3-A-VULN,VULN-Poverty Gap $3.00 (GDP Model),C(REGION)[T.Middle East & North Africa],0.09572393000456603,0.07712334127538127,0.2145393510656285,
RC3-A-VULN,VULN-Poverty Gap $3.00 (GDP Model),C(REGION)[T.North America],0.14690104418310088,0.10126452091798849,0.14687275893957108,
RC3-A-VULN,VULN-Poverty Gap $3.00 (GDP Model),C(REGION)[T.South Asia],-0.21629896870932486,0.0998314481339049,0.030262192642189455,**
RC3-A-VULN,VULN-Poverty Gap $3.00 (GDP Model),C(REGION)[T.Sub-Saharan Africa],-0.24508693557493985,0.0602511172855684,4.746773713083063e-05,***
RC3-A-VULN,VULN-Poverty Gap $3.00 (GDP Model),C_POVERTY_300,0.0003311013687179919,0.0020130840970768583,0.8693574753644168,
RC3-A-VULN,VULN-Poverty Gap $3.00 (GDP Model),C_log_GDP,0.09292452897938708,0.022207326774241753,2.859094600581155e-05,***
RC3-A-VULN,VULN-Poverty Gap $3.00 (GDP Model),C_log_DIS_EQK,0.06463169801861246,0.017923817300441767,0.0003110592031477457,***
RC3-A-VULN,VULN-Poverty Gap $3.00 (GDP Model),C_log_DIS_STM,0.006692352791648638,0.01637876921605391,0.682833782317001,
RC3-A-VULN,VULN-Poverty Gap $3.00 (GDP Model),C_log_DIS_FLD,-0.03397824382695336,0.016779602207433707,0.042870122033154955,**
RC3-A-VULN,,R-squared,0.6571038618048635,,,
RC3-A-VULN,,Adj. R-squared,0.6297715609342367,,,
RC3-A-VULN,,N,150.0,,,
RC3-A-ONLY,ONLY-Poverty Gap $3.00 (GDP Model),Intercept,0.2547148024343648,0.052175134361421883,1.0505818064567543e-06,***
RC3-A-ONLY,ONLY-Poverty Gap $3.00 (GDP Model),C(REGION)[T.Europe & Central Asia],0.12558541150231262,0.06740071597917083,0.06242495750886838,*
RC3-A-ONLY,ONLY-Poverty Gap $3.00 (GDP Model),C(REGION)[T.Latin America & Caribbean],-0.1552639752233789,0.055360880925171344,0.005038230778630875,***
RC3-A-ONLY,ONLY-Poverty Gap $3.00 (GDP Model),C(REGION)[T.Middle East & North Africa],0.256915557485056,0.090773487392153,0.004650540714782141,***
RC3-A-ONLY,ONLY-Poverty Gap $3.00 (GDP Model),C(REGION)[T.North America],-0.3450605314315613,0.08719154372639577,7.573829790486679e-05,***
RC3-A-ONLY,ONLY-Poverty Gap $3.00 (GDP Model),C(REGION)[T.South Asia],0.111324569940077,0.10781040031650127,0.30179307983971315,
RC3-A-ONLY,ONLY-Poverty Gap $3.00 (GDP Model),C(REGION)[T.Sub-Saharan Africa],-0.029176840864238565,0.058452370915393105,0.6176696191276412,
RC3-A-ONLY,ONLY-Poverty Gap $3.00 (GDP Model),C_POVERTY_300,0.0016658878040102052,0.0017395551672152218,0.3382384659873925,
RC3-A-ONLY,ONLY-Poverty Gap $3.00 (GDP Model),C_log_GDP,0.09766424495871998,0.025035145628355654,9.576229725417952e-05,***
RC3-A-ONLY,ONLY-Poverty Gap $3.00 (GDP Model),C_log_DIS_EQK,0.04094899099901236,0.020277339557933323,0.04344089100355964,**
RC3-A-ONLY,ONLY-Poverty Gap $3.00 (GDP Model),C_log_DIS_STM,-0.0035267730793602384,0.014246543816071502,0.8044803653739055,
RC3-A-ONLY,ONLY-Poverty Gap $3.00 (GDP Model),C_log_DIS_FLD,-0.014725023875843578,0.016444236631530874,0.37054553681895885,
RC3-A-ONLY,,R-squared,0.6058031761018001,,,
RC3-A-ONLY,,Adj. R-squared,0.5743816901389002,,,
RC3-A-ONLY,,N,150.0,,,
RC3-B-VULN,VULN-Poverty Gap $3.00 (Inst. Model),Intercept,0.5623659908364508,0.03827486557540928,7.166028401523248e-49,***
RC3-B-VULN,VULN-Poverty Gap $3.00 (Inst. Model),C(REGION)[T.Europe & Central Asia],-0.011001898816204524,0.047081578057620414,0.8152354660960588,
RC3-B-VULN,VULN-Poverty Gap $3.00 (Inst. Model),C(REGION)[T.Latin America & Caribbean],0.17069930385419863,0.04882121746646162,0.0004715522821262067,***
RC3-B-VULN,VULN-Poverty Gap $3.00 (Inst. Model),C(REGION)[T.Middle East & North Africa],0.12806380547146812,0.07573963457803687,0.09086685639542685,*
RC3-B-VULN,VULN-Poverty Gap $3.00 (Inst. Model),C(REGION)[T.North America],0.1754579264596579,0.0775435358107678,0.0236540552022827,**
RC3-B-VULN,VULN-Poverty Gap $3.00 (Inst. Model),C(REGION)[T.South Asia],-0.22872109800138454,0.08971481455494416,0.01079010379804468,**
RC3-B-VULN,VULN-Poverty Gap $3.00 (Inst. Model),C(REGION)[T.Sub-Saharan Africa],-0.2500149768241572,0.05620375533244355,8.652526734825576e-06,***
RC3-B-VULN,VULN-Poverty Gap $3.00 (Inst. Model),C_POVERTY_300,-0.001761160969693004,0.0017652640212384287,0.3184366534815233,
RC3-B-VULN,VULN-Poverty Gap $3.00 (Inst. Model),C_GOV_EFF,0.07223496820668836,0.02048548682545366,0.00042164273036740025,***
RC3-B-VULN,VULN-Poverty Gap $3.00 (Inst. Model),C_CDBQ,0.009715417075854008,0.005985394394880268,0.10454933944111683,
RC3-B-VULN,VULN-Poverty Gap $3.00 (Inst. Model),C_log_DIS_EQK,0.05447619666115763,0.01784376817915761,0.0022660095794321826,***
RC3-B-VULN,VULN-Poverty Gap $3.00 (Inst. Model),C_log_DIS_STM,0.009290268299045753,0.014964557664096628,0.5347193108991443,
RC3-B-VULN,VULN-Poverty Gap $3.00 (Inst. Model),C_log_DIS_FLD,-0.03211297659045129,0.018780193755663022,0.08727724365579971,*
RC3-B-VULN,,R-squared,0.65924009007275,,,
RC3-B-VULN,,Adj. R-squared,0.6293925067214581,,,
RC3-B-VULN,,N,150.0,,,
RC3-B-ONLY,ONLY-Poverty Gap $3.00 (Inst. Model),Intercept,0.22937182334687428,0.052682800046055835,1.3378099339661197e-05,***
RC3-B-ONLY,ONLY-Poverty Gap $3.00 (Inst. Model),C(REGION)[T.Europe & Central Asia],0.18269738164357072,0.0632762861151586,0.003885682187840333,***
RC3-B-ONLY,ONLY-Poverty Gap $3.00 (Inst. Model),C(REGION)[T.Latin America & Caribbean],-0.09119945709288897,0.05315388261771624,0.08620545632800464,*
RC3-B-ONLY,ONLY-Poverty Gap $3.00 (Inst. Model),C(REGION)[T.Middle East & North Africa],0.2792248125235118,0.08684336660638636,0.0013032218964619828,***
RC3-B-ONLY,ONLY-Poverty Gap $3.00 (Inst. Model),C(REGION)[T.North America],-0.30192078419325025,0.08092797373442792,0.0001909223366942149,***
RC3-B-ONLY,ONLY-Poverty Gap $3.00 (Inst. Model),C(REGION)[T.South Asia],0.0931438835530183,0.10341980812214008,0.3677804407458327,
RC3-B-ONLY,ONLY-Poverty Gap $3.00 (Inst. Model),C(REGION)[T.Sub-Saharan Africa],-0.041768156714915475,0.059375186816228005,0.4817682049346699,
RC3-B-ONLY,ONLY-Poverty Gap $3.00 (Inst. Model),C_POVERTY_300,-0.0008776349592768013,0.0013199776675609683,0.5061232713869575,
RC3-B-ONLY,ONLY-Poverty Gap $3.00 (Inst. Model),C_GOV_EFF,0.05965364159597938,0.021509820314002944,0.005548731582909133,***
RC3-B-ONLY,ONLY-Poverty Gap $3.00 (Inst. Model),C_CDBQ,0.011859408426856642,0.005518827230739719,0.031642319339995596,**
RC3-B-ONLY,ONLY-Poverty Gap $3.00 (Inst. Model),C_log_DIS_EQK,0.02920190586757169,0.021816697858923595,0.1807296810515352,
RC3-B-ONLY,ONLY-Poverty Gap $3.00 (Inst. Model),C_log_DIS_STM,0.0017200937363549612,0.014225838641459244,0.9037596719013011,
RC3-B-ONLY,ONLY-Poverty Gap $3.00 (Inst. Model),C_log_DIS_FLD,-0.016531514594595367,0.01750219854640008,0.3448941221263695,
RC3-B-ONLY,,R-squared,0.5929218292263683,,,
RC3-B-ONLY,,Adj. R-squared,0.5572653471148094,,,
RC3-B-ONLY,,N,150.0,,,
RC4-A-VULN,VULN-Poverty Gap $8.30 (GDP Model),Intercept,0.574785720638941,0.03629353639820621,1.7249681008517237e-56,***
RC4-A-VULN,VULN-Poverty Gap $8.30 (GDP Model),C(REGION)[T.Europe & Central Asia],-0.05939142497401601,0.04907705910942728,0.22621491513822212,
RC4-A-VULN,VULN-Poverty Gap $8.30 (GDP Model),C(REGION)[T.Latin America & Caribbean],0.0912150796001583,0.04863949026577222,0.060747382953656476,*
RC4-A-VULN,VULN-Poverty Gap $8.30 (GDP Model),C(REGION)[T.Middle East & North Africa],0.09399429895238114,0.07137572468571718,0.18787399184076614,
RC4-A-VULN,VULN-Poverty Gap $8.30 (GDP Model),C(REGION)[T.North America],0.14577927009030464,0.10109084120534478,0.14928485749738477,
RC4-A-VULN,VULN-Poverty Gap $8.30 (GDP Model),C(REGION)[T.South Asia],-0.22255726199867046,0.0959000947749771,0.020301963939100283,**
RC4-A-VULN,VULN-Poverty Gap $8.30 (GDP Model),C(REGION)[T.Sub-Saharan Africa],-0.1856471976988457,0.06326096860424114,0.003339513921627055,***
RC4-A-VULN,VULN-Poverty Gap $8.30 (GDP Model),C_POVERTY_830,-0.0033134421422166384,0.0018251230109191563,0.06945288417038595,*
RC4-A-VULN,VULN-Poverty Gap $8.30 (GDP Model),C_log_GDP,0.05036538143886252,0.031334738442166415,0.10798118293625468,
RC4-A-VULN,VULN-Poverty Gap $8.30 (GDP Model),C_log_DIS_EQK,0.0641575687464637,0.018095006338695846,0.0003917273680943915,***
RC4-A-VULN,VULN-Poverty Gap $8.30 (GDP Model),C_log_DIS_STM,0.010917651962075038,0.01590691925479286,0.49249488617311943,
RC4-A-VULN,VULN-Poverty Gap $8.30 (GDP Model),C_log_DIS_FLD,-0.029562400546046762,0.017266603532167416,0.0868755881477288,*
RC4-A-VULN,,R-squared,0.6665860062242679,,,
RC4-A-VULN,,Adj. R-squared,0.6400095284595356,,,
RC4-A-VULN,,N,150.0,,,
RC4-A-ONLY,ONLY-Poverty Gap $8.30 (GDP Model),Intercept,0.2386445033008486,0.048549375292217464,8.855569383868424e-07,***
RC4-A-ONLY,ONLY-Poverty Gap $8.30 (GDP Model),C(REGION)[T.Europe & Central Asia],0.13446338563151886,0.06472809214088919,0.037768578597822886,**
RC4-A-ONLY,ONLY-Poverty Gap $8.30 (GDP Model),C(REGION)[T.Latin America & Caribbean],-0.161158698440666,0.05612901438543701,0.004088920016810275,***
RC4-A-ONLY,ONLY-Poverty Gap $8.30 (GDP Model),C(REGION)[T.Middle East & North Africa],0.25957652806475606,0.08635980959982724,0.002649213648823028,***
RC4-A-ONLY,ONLY-Poverty Gap $8.30 (GDP Model),C(REGION)[T.North America],-0.3426143882142146,0.08610295678843476,6.916950280995158e-05,***
RC4-A-ONLY,ONLY-Poverty Gap $8.30 (GDP Model),C(REGION)[T.South Asia],0.10334816658906665,0.10542435690045592,0.3269349208299803,
RC4-A-ONLY,ONLY-Poverty Gap $8.30 (GDP Model),C(REGION)[T.Sub-Saharan Africa],0.023744156250213012,0.06039149287713929,0.694193522214928,
RC4-A-ONLY,ONLY-Poverty Gap $8.30 (GDP Model),C_POVERTY_830,-0.00209120328636939,0.00182067770585416,0.25072710355831707,
RC4-A-ONLY,ONLY-Poverty Gap $8.30 (GDP Model),C_log_GDP,0.06501657597189098,0.03186492081628374,0.041312402267367675,**
RC4-A-ONLY,ONLY-Poverty Gap $8.30 (GDP Model),C_log_DIS_EQK,0.040268314427829514,0.020251152233465894,0.046762430510362524,**
RC4-A-ONLY,ONLY-Poverty Gap $8.30 (GDP Model),C_log_DIS_STM,0.0011509679769593447,0.013665500723048613,0.9328780549123152,
RC4-A-ONLY,ONLY-Poverty Gap $8.30 (GDP Model),C_log_DIS_FLD,-0.011399289928287544,0.0170361072861644,0.5034155699037444,
RC4-A-ONLY,,R-squared,0.6094632400105789,,,
RC4-A-ONLY,,Adj. R-squared,0.5783334982722919,,,
RC4-A-ONLY,,N,150.0,,,
RC4-B-VULN,VULN-Poverty Gap $8.30 (Inst. Model),Intercept,0.5647426295268047,0.034880947408598165,5.8775809506335424e-59,***
RC4-B-VULN,VULN-Poverty Gap $8.30 (Inst. Model),C(REGION)[T.Europe & Central Asia],-0.04571224691920122,0.04662665531060696,0.3268942756187383,
RC4-B-VULN,VULN-Poverty Gap $8.30 (Inst. Model),C(REGION)[T.Latin America & Caribbean],0.1278305879726764,0.04736673504507676,0.006960215353854449,***
RC4-B-VULN,VULN-Poverty Gap $8.30 (Inst. Model),C(REGION)[T.Middle East & North Africa],0.10448067035537738,0.07237802596513661,0.14886804448441124,
RC4-B-VULN,VULN-Poverty Gap $8.30 (Inst. Model),C(REGION)[T.North America],0.1414676148080254,0.08282848577109068,0.08764404650831316,*
RC4-B-VULN,VULN-Poverty Gap $8.30 (Inst. Model),C(REGION)[T.South Asia],-0.22603344915074783,0.08595949215004516,0.008550185888936912,***
RC4-B-VULN,VULN-Poverty Gap $8.30 (Inst. Model),C(REGION)[T.Sub-Saharan Africa],-0.18762365534015596,0.05852179411754472,0.0013457174350568972,***
RC4-B-VULN,VULN-Poverty Gap $8.30 (Inst. Model),C_POVERTY_830,-0.0036916693921915824,0.0013271043855740655,0.005406707663972976,***
RC4-B-VULN,VULN-Poverty Gap $8.30 (Inst. Model),C_GOV_EFF,0.049325107597888086,0.022444673709473957,0.02797542219686039,**
RC4-B-VULN,VULN-Poverty Gap $8.30 (Inst. Model),C_CDBQ,0.006792259293616201,0.006073380338208374,0.26341090482258633,
RC4-B-VULN,VULN-Poverty Gap $8.30 (Inst. Model),C_log_DIS_EQK,0.058166540353569274,0.017892703644189673,0.0011505953508666165,***
RC4-B-VULN,VULN-Poverty Gap $8.30 (Inst. Model),C_log_DIS_STM,0.009625115964386845,0.014772803918297493,0.5146960734636582,
RC4-B-VULN,VULN-Poverty Gap $8.30 (Inst. Model),C_log_DIS_FLD,-0.027759148715629407,0.01856419894847795,0.1348347314036849,
RC4-B-VULN,,R-squared,0.6771981355550696,,,
RC4-B-VULN,,Adj. R-squared,0.6489235196912801,,,
RC4-B-VULN,,N,150.0,,,
RC4-B-ONLY,ONLY-Poverty Gap $8.30 (Inst. Model),Intercept,0.2289150723406005,0.049106624671756416,3.1377201589844925e-06,***
RC4-B-ONLY,ONLY-Poverty Gap $8.30 (Inst. Model),C(REGION)[T.Europe & Central Asia],0.1525935033178837,0.06447598009773964,0.017948827042031816,**
RC4-B-ONLY,ONLY-Poverty Gap $8.30 (Inst. Model),C(REGION)[T.Latin America & Caribbean],-0.13008310563938313,0.05732625755947467,0.023257903149699215,**
RC4-B-ONLY,ONLY-Poverty Gap $8.30 (Inst. Model),C(REGION)[T.Middle East & North Africa],0.2591153300566615,0.08453222530079092,0.002174629424406707,***
RC4-B-ONLY,ONLY-Poverty Gap $8.30 (Inst. Model),C(REGION)[T.North America],-0.333006269522502,0.08151717190081167,4.405674249528062e-05,***
RC4-B-ONLY,ONLY-Poverty Gap $8.30 (Inst. Model),C(REGION)[T.South Asia],0.09398963193243762,0.0982165326367038,0.33858570343315986,
RC4-B-ONLY,ONLY-Poverty Gap $8.30 (Inst. Model),C(REGION)[T.Sub-Saharan Africa],0.02273941925674899,0.05903302493422918,0.7000905227372627,
RC4-B-ONLY,ONLY-Poverty Gap $8.30 (Inst. Model),C_POVERTY_830,-0.0032902048941262536,0.0013046229171134202,0.011670346563850879,**
RC4-B-ONLY,ONLY-Poverty Gap $8.30 (Inst. Model),C_GOV_EFF,0.037968156564929335,0.022334911353518793,0.08914097085064525,*
RC4-B-ONLY,ONLY-Poverty Gap $8.30 (Inst. Model),C_CDBQ,0.009009125991725004,0.005378907875569393,0.09395410204816264,*
RC4-B-ONLY,ONLY-Poverty Gap $8.30 (Inst. Model),C_log_DIS_EQK,0.03259275640153738,0.021524905023764532,0.129978122953891,
RC4-B-ONLY,ONLY-Poverty Gap $8.30 (Inst. Model),C_log_DIS_STM,0.002825299542079831,0.013730370832646934,0.836970511616677,
RC4-B-ONLY,ONLY-Poverty Gap $8.30 (Inst. Model),C_log_DIS_FLD,-0.012291978149272643,0.01747579819176094,0.481824271282962,
RC4-B-ONLY,,R-squared,0.6133193686883138,,,
RC4-B-ONLY,,Adj. R-squared,0.5794495323690421,,,
RC4-B-ONLY,,N,150.0,,,
RC5-A-VULN,"VULN-Exclude Small States (GDP, n=125)",Intercept,0.618691391995178,0.0516062389334968,4.072771801067241e-33,***
RC5-A-VULN,"VULN-Exclude Small States (GDP, n=125)",C(REGION)[T.Europe & Central Asia],-0.10188238833506483,0.05587107226180801,0.06822366696373967,*
RC5-A-VULN,"VULN-Exclude Small States (GDP, n=125)",C(REGION)[T.Latin America & Caribbean],0.07656948618509839,0.05074973416930425,0.13135852807839535,
RC5-A-VULN,"VULN-Exclude Small States (GDP, n=125)",C(REGION)[T.Middle East & North Africa],0.08823713728524568,0.08223592269769851,0.283282070568594,
RC5-A-VULN,"VULN-Exclude Small States (GDP, n=125)",C(REGION)[T.North America],0.11159313627516845,0.10120210237586079,0.27016786344152877,
RC5-A-VULN,"VULN-Exclude Small States (GDP, n=125)",C(REGION)[T.South Asia],-0.31273358438519355,0.07330139593052423,1.9864629827961535e-05,***
RC5-A-VULN,"VULN-Exclude Small States (GDP, n=125)",C(REGION)[T.Sub-Saharan Africa],-0.25094841755713604,0.07588685156406992,0.0009434260201259974,***
RC5-A-VULN,"VULN-Exclude Small States (GDP, n=125)",C_POVERTY,0.0006349919258635619,0.0015079396498054738,0.6736827688747126,
RC5-A-VULN,"VULN-Exclude Small States (GDP, n=125)",C_log_GDP,0.10279052022960031,0.02176351257340035,2.3231468209845727e-06,***
RC5-A-VULN,"VULN-Exclude Small States (GDP, n=125)",C_log_DIS_EQK,0.0669545857523964,0.018507030934197678,0.0002971271947698823,***
RC5-A-VULN,"VULN-Exclude Small States (GDP, n=125)",C_log_DIS_STM,0.0065457997189115324,0.013155060311143656,0.6187744865722282,
RC5-A-VULN,"VULN-Exclude Small States (GDP, n=125)",C_log_DIS_FLD,-0.037912829178271906,0.020762310770218614,0.0678440974396286,*
RC5-A-VULN,,R-squared,0.7505129638280338,,,
RC5-A-VULN,,Adj. R-squared,0.7262266151741256,,,
RC5-A-VULN,,N,125.0,,,
RC5-A-ONLY,"ONLY-Exclude Small States (GDP, n=125)",Intercept,0.3791037876157936,0.0714677797017345,1.1295668097201288e-07,***
RC5-A-ONLY,"ONLY-Exclude Small States (GDP, n=125)",C(REGION)[T.Europe & Central Asia],-0.0012864743597087594,0.08008522425015371,0.9871834799090656,
RC5-A-ONLY,"ONLY-Exclude Small States (GDP, n=125)",C(REGION)[T.Latin America & Caribbean],-0.24819974239418627,0.07263476543644609,0.0006329367371352626,***
RC5-A-ONLY,"ONLY-Exclude Small States (GDP, n=125)",C(REGION)[T.Middle East & North Africa],0.16507692172207528,0.09517686302446848,0.08284309166990866,*
RC5-A-ONLY,"ONLY-Exclude Small States (GDP, n=125)",C(REGION)[T.North America],-0.4242289992767093,0.0916927165505568,3.7164941234038537e-06,***
RC5-A-ONLY,"ONLY-Exclude Small States (GDP, n=125)",C(REGION)[T.South Asia],-0.0727439204322375,0.0926365261996114,0.43230011884702946,
RC5-A-ONLY,"ONLY-Exclude Small States (GDP, n=125)",C(REGION)[T.Sub-Saharan Africa],-0.153511659080224,0.08278100209199436,0.06367751871529098,*
RC5-A-ONLY,"ONLY-Exclude Small States (GDP, n=125)",C_POVERTY,0.000995807839676535,0.001415561718421971,0.4817617354171292,
RC5-A-ONLY,"ONLY-Exclude Small States (GDP, n=125)",C_log_GDP,0.08020656274066158,0.025780797115498483,0.0018639364737442772,***
RC5-A-ONLY,"ONLY-Exclude Small States (GDP, n=125)",C_log_DIS_EQK,0.02932039592871076,0.021543949653670083,0.17352717834618647,
RC5-A-ONLY,"ONLY-Exclude Small States (GDP, n=125)",C_log_DIS_STM,0.0031393154287009104,0.014326353005912945,0.8265497773161861,
RC5-A-ONLY,"ONLY-Exclude Small States (GDP, n=125)",C_log_DIS_FLD,-0.03326958309559697,0.018795980879373047,0.07672096404635974,*
RC5-A-ONLY,,R-squared,0.664961224711786,,,
RC5-A-ONLY,,Adj. R-squared,0.6323468306571811,,,
RC5-A-ONLY,,N,125.0,,,
RC5-B-VULN,"VULN-Exclude Small States (Inst., n=125)",Intercept,0.5959184671378948,0.05133071677129139,3.692270621753081e-31,***
RC5-B-VULN,"VULN-Exclude Small States (Inst., n=125)",C(REGION)[T.Europe & Central Asia],-0.049757541372925616,0.05429100132908222,0.3594062654672633,
RC5-B-VULN,"VULN-Exclude Small States (Inst., n=125)",C(REGION)[T.Latin America & Caribbean],0.12739818177198123,0.052494105265209236,0.015228262646547646,**
RC5-B-VULN,"VULN-Exclude Small States (Inst., n=125)",C(REGION)[T.Middle East & North Africa],0.10761316453025743,0.08315470342360526,0.19561982214725548,
RC5-B-VULN,"VULN-Exclude Small States (Inst., n=125)",C(REGION)[T.North America],0.14013772801212293,0.07399586944951779,0.058243755306707244,*
RC5-B-VULN,"VULN-Exclude Small States (Inst., n=125)",C(REGION)[T.South Asia],-0.34108695616764895,0.06002850858922527,1.3306420826620742e-08,***
RC5-B-VULN,"VULN-Exclude Small States (Inst., n=125)",C(REGION)[T.Sub-Saharan Africa],-0.2719921916654454,0.07242837699164789,0.0001731157641038407,***
RC5-B-VULN,"VULN-Exclude Small States (Inst., n=125)",C_POVERTY,-0.0017823663977862433,0.0012318171194935527,0.14791351624634613,
RC5-B-VULN,"VULN-Exclude Small States (Inst., n=125)",C_GOV_EFF,0.056317486183252316,0.018993236516799083,0.0030255138187144865,***
RC5-B-VULN,"VULN-Exclude Small States (Inst., n=125)",C_CDBQ,0.013347582377425641,0.006303949937028346,0.03423131160013454,**
RC5-B-VULN,"VULN-Exclude Small States (Inst., n=125)",C_log_DIS_EQK,0.048680304177305816,0.018397807305484473,0.008145366366583114,***
RC5-B-VULN,"VULN-Exclude Small States (Inst., n=125)",C_log_DIS_STM,0.013924403089814633,0.01332660490253754,0.29608883460625723,
RC5-B-VULN,"VULN-Exclude Small States (Inst., n=125)",C_log_DIS_FLD,-0.03354969260262027,0.021037644517630218,0.1107691197052081,
RC5-B-VULN,,R-squared,0.7417534464966744,,,
RC5-B-VULN,,Adj. R-squared,0.7140841729070324,,,
RC5-B-VULN,,N,125.0,,,
RC5-B-ONLY,"ONLY-Exclude Small States (Inst., n=125)",Intercept,0.36397326975192873,0.07174081225484835,3.906715742460195e-07,***
RC5-B-ONLY,"ONLY-Exclude Small States (Inst., n=125)",C(REGION)[T.Europe & Central Asia],0.03985233269731529,0.07810343755179175,0.6098758455189187,
RC5-B-ONLY,"ONLY-Exclude Small States (Inst., n=125)",C(REGION)[T.Latin America & Caribbean],-0.21514895447771196,0.07317496569401588,0.0032800160775975293,***
RC5-B-ONLY,"ONLY-Exclude Small States (Inst., n=125)",C(REGION)[T.Middle East & North Africa],0.18811513863117493,0.09488603386668505,0.04741909310498268,**
RC5-B-ONLY,"ONLY-Exclude Small States (Inst., n=125)",C(REGION)[T.North America],-0.40175286751628786,0.0941501897928037,1.979871259316633e-05,***
RC5-B-ONLY,"ONLY-Exclude Small States (Inst., n=125)",C(REGION)[T.South Asia],-0.09956617905857786,0.08719989403973237,0.253530773217731,
RC5-B-ONLY,"ONLY-Exclude Small States (Inst., n=125)",C(REGION)[T.Sub-Saharan Africa],-0.17243399547698413,0.081697482577352,0.0348032448360024,**
RC5-B-ONLY,"ONLY-Exclude Small States (Inst., n=125)",C_POVERTY,-0.0009546040650537773,0.0009364631242011109,0.3080265067715521,
RC5-B-ONLY,"ONLY-Exclude Small States (Inst., n=125)",C_GOV_EFF,0.04951619055486394,0.01945372121474478,0.01091736997656387,**
RC5-B-ONLY,"ONLY-Exclude Small States (Inst., n=125)",C_CDBQ,0.006099188627347755,0.004764998541372727,0.20054583749949106,
RC5-B-ONLY,"ONLY-Exclude Small States (Inst., n=125)",C_log_DIS_EQK,0.017680153389273524,0.02306841626303299,0.44342494595688375,
RC5-B-ONLY,"ONLY-Exclude Small States (Inst., n=125)",C_log_DIS_STM,0.007429891994773564,0.014159964984573285,0.5997839812592076,
RC5-B-ONLY,"ONLY-Exclude Small States (Inst., n=125)",C_log_DIS_FLD,-0.027335134978645113,0.019887456594714154,0.16928922634608679,
RC5-B-ONLY,,R-squared,0.6534536426204729,,,
RC5-B-ONLY,,Adj. R-squared,0.6163236757583808,,,
RC5-B-ONLY,,N,125.0,,,
RC6-A-VULN,"VULN-Low/Lower-Middle Income (GDP, n=75)",Intercept,0.3985944638054907,0.05000063867863559,1.5639562612091131e-15,***
RC6-A-VULN,"VULN-Low/Lower-Middle Income (GDP, n=75)",C(REGION)[T.Europe & Central Asia],-0.12980183342101304,0.1338259710806572,0.33208135057581134,
RC6-A-VULN,"VULN-Low/Lower-Middle Income (GDP, n=75)",C(REGION)[T.Latin America & Caribbean],0.12427419539181328,0.05265215474025054,0.018260802400714312,**
RC6-A-VULN,"VULN-Low/Lower-Middle Income (GDP, n=75)",C(REGION)[T.Middle East & North Africa],0.04457324268749813,0.08721995621658832,0.6093201878971921,
RC6-A-VULN,"VULN-Low/Lower-Middle Income (GDP, n=75)",C(REGION)[T.North America],-1.6365597345985133e-16,6.445096616114418e-17,0.011109603775449388,**
RC6-A-VULN,"VULN-Low/Lower-Middle Income (GDP, n=75)",C(REGION)[T.South Asia],-0.20663136217942854,0.11397613761132029,0.06984180235636797,*
RC6-A-VULN,"VULN-Low/Lower-Middle Income (GDP, n=75)",C(REGION)[T.Sub-Saharan Africa],-0.08670857710262006,0.06923202468294068,0.210411576940706,
RC6-A-VULN,"VULN-Low/Lower-Middle Income (GDP, n=75)",C_POVERTY_sub,-0.006239302502844951,0.002324097620083057,0.007261384908518203,***
RC6-A-VULN,"VULN-Low/Lower-Middle Income (GDP, n=75)",C_POVERTY_SQ_sub,0.00018144259797221707,6.211710533351154e-05,0.0034893627192831692,***
RC6-A-VULN,"VULN-Low/Lower-Middle Income (GDP, n=75)",C_URBAN_sub,0.002405537654327219,0.0012864698911904905,0.061501203422452584,*
RC6-A-VULN,"VULN-Low/Lower-Middle Income (GDP, n=75)",C_log_GDP_sub,0.06746599549327814,0.038614542997543834,0.08060864249340496,*
RC6-A-VULN,"VULN-Low/Lower-Middle Income (GDP, n=75)",C_log_DIS_EQK,0.08872222457337135,0.03165899441105304,0.005071868111097494,***
RC6-A-VULN,"VULN-Low/Lower-Middle Income (GDP, n=75)",C_log_DIS_STM,0.021637123006032558,0.017447088212980646,0.21491744757458775,
RC6-A-VULN,"VULN-Low/Lower-Middle Income (GDP, n=75)",C_log_DIS_FLD,-0.05251856625517633,0.029490804025142665,0.0749376906042323,*
RC6-A-VULN,,R-squared,0.7566657053838978,,,
RC6-A-VULN,,Adj. R-squared,0.7095687451356198,,,
RC6-A-VULN,,N,75.0,,,
RC6-A-ONLY,"ONLY-Low/Lower-Middle Income (GDP, n=75)",Intercept,0.06214512432698269,0.048875739159234925,0.20355357718430211,
RC6-A-ONLY,"ONLY-Low/Lower-Middle Income (GDP, n=75)",C(REGION)[T.Europe & Central Asia],0.11184846855423501,0.08677256556796087,0.19740356935294523,
RC6-A-ONLY,"ONLY-Low/Lower-Middle Income (GDP, n=75)",C(REGION)[T.Latin America & Caribbean],-0.06817386268133106,0.054638864675298486,0.21213456348951232,
RC6-A-ONLY,"ONLY-Low/Lower-Middle Income (GDP, n=75)",C(REGION)[T.Middle East & North Africa],0.30808627175057557,0.11396699655831566,0.006865603758143449,***
RC6-A-ONLY,"ONLY-Low/Lower-Middle Income (GDP, n=75)",C(REGION)[T.North America],2.0036445600409332e-17,6.141923462415423e-17,0.7442546724902129,
RC6-A-ONLY,"ONLY-Low/Lower-Middle Income (GDP, n=75)",C(REGION)[T.South Asia],0.20644716195443127,0.13245442290960013,0.11908447036912995,
RC6-A-ONLY,"ONLY-Low/Lower-Middle Income (GDP, n=75)",C(REGION)[T.Sub-Saharan Africa],0.09706640967241423,0.06520746236456175,0.13659846471682438,
RC6-A-ONLY,"ONLY-Low/Lower-Middle Income (GDP, n=75)",C_POVERTY_sub,-0.002321773284325969,0.0028238385299537414,0.41096040972553494,
RC6-A-ONLY,"ONLY-Low/Lower-Middle Income (GDP, n=75)",C_POVERTY_SQ_sub,5.2782557960287894e-05,7.368631191155733e-05,0.47379730705406553,
RC6-A-ONLY,"ONLY-Low/Lower-Middle Income (GDP, n=75)",C_URBAN_sub,0.0010674021587889324,0.0011673188921871472,0.3605041082898547,
RC6-A-ONLY,"ONLY-Low/Lower-Middle Income (GDP, n=75)",C_log_GDP_sub,0.030428296909694227,0.039932617277680625,0.4460653467396085,
RC6-A-ONLY,"ONLY-Low/Lower-Middle Income (GDP, n=75)",C_log_DIS_EQK,0.0473448496919017,0.02843133006570118,0.09586585430745335,*
RC6-A-ONLY,"ONLY-Low/Lower-Middle Income (GDP, n=75)",C_log_DIS_STM,-0.0006844194491273797,0.017944269735865232,0.9695749482406282,
RC6-A-ONLY,"ONLY-Low/Lower-Middle Income (GDP, n=75)",C_log_DIS_FLD,-0.020771947568794198,0.028401036903892268,0.46454713820597804,
RC6-A-ONLY,,R-squared,0.5099034432611593,,,
RC6-A-ONLY,,Adj. R-squared,0.41504604518267396,,,
RC6-A-ONLY,,N,75.0,,,
RC6-B-VULN,"VULN-Low/Lower-Middle Income (Inst., n=75)",Intercept,0.4166137332622041,0.049442656945191475,3.570705958616387e-17,***
RC6-B-VULN,"VULN-Low/Lower-Middle Income (Inst., n=75)",C(REGION)[T.Europe & Central Asia],-0.1253093176448756,0.1391555358916586,0.36785515200298124,
RC6-B-VULN,"VULN-Low/Lower-Middle Income (Inst., n=75)",C(REGION)[T.Latin America & Caribbean],0.15221029892519172,0.059251076549713406,0.010202085793603495,**
RC6-B-VULN,"VULN-Low/Lower-Middle Income (Inst., n=75)",C(REGION)[T.Middle East & North Africa],0.02920938363904944,0.09964310039337439,0.7694151036203756,
RC6-B-VULN,"VULN-Low/Lower-Middle Income (Inst., n=75)",C(REGION)[T.North America],1.4938363822095698e-16,9.035904526725309e-17,0.09828551797748929,*
RC6-B-VULN,"VULN-Low/Lower-Middle Income (Inst., n=75)",C(REGION)[T.South Asia],-0.20005003350925538,0.112859820817863,0.07630277693560118,*
RC6-B-VULN,"VULN-Low/Lower-Middle Income (Inst., n=75)",C(REGION)[T.Sub-Saharan Africa],-0.11979318619461955,0.06395244551931138,0.061046243646283006,*
RC6-B-VULN,"VULN-Low/Lower-Middle Income (Inst., n=75)",C_POVERTY_sub,-0.006323395559867292,0.0024157932742180643,0.00885704008294183,***
RC6-B-VULN,"VULN-Low/Lower-Middle Income (Inst., n=75)",C_POVERTY_SQ_sub,0.0001577517173792292,6.47351212944908e-05,0.01481459787369536,**
RC6-B-VULN,"VULN-Low/Lower-Middle Income (Inst., n=75)",C_URBAN_sub,0.003037476543594779,0.0012436404946246957,0.014589678554022193,**
RC6-B-VULN,"VULN-Low/Lower-Middle Income (Inst., n=75)",C_GOV_EFF_sub,0.03833851124037088,0.03022096875046094,0.20458151752602327,
RC6-B-VULN,"VULN-Low/Lower-Middle Income (Inst., n=75)",C_CDBQ_sub,0.006624946841976463,0.006422548345824287,0.3022999699399971,
RC6-B-VULN,"VULN-Low/Lower-Middle Income (Inst., n=75)",C_log_DIS_EQK,0.07767261260142204,0.029802737813509072,0.009154655206556218,***
RC6-B-VULN,"VULN-Low/Lower-Middle Income (Inst., n=75)",C_log_DIS_STM,0.020604205280692615,0.017580652252735307,0.2412043448090746,
RC6-B-VULN,"VULN-Low/Lower-Middle Income (Inst., n=75)",C_log_DIS_FLD,-0.051648196046369256,0.02988319670700451,0.0839280540620581,*
RC6-B-VULN,,R-squared,0.757293575053256,,,
RC6-B-VULN,,Adj. R-squared,0.7055692549826384,,,
RC6-B-VULN,,N,75.0,,,
RC6-B-ONLY,"ONLY-Low/Lower-Middle Income (Inst., n=75)",Intercept,0.10311968678437379,0.053610024728957796,0.05441540436893537,*
RC6-B-ONLY,"ONLY-Low/Lower-Middle Income (Inst., n=75)",C(REGION)[T.Europe & Central Asia],0.06759757075606297,0.09314331398973144,0.46799987330348114,
RC6-B-ONLY,"ONLY-Low/Lower-Middle Income (Inst., n=75)",C(REGION)[T.Latin America & Caribbean],-0.07963061404688197,0.05889251543719411,0.1763322266045947,
RC6-B-ONLY,"ONLY-Low/Lower-Middle Income (Inst., n=75)",C(REGION)[T.Middle East & North Africa],0.23064494814729863,0.10980867140628565,0.03569141611533496,**
RC6-B-ONLY,"ONLY-Low/Lower-Middle Income (Inst., n=75)",C(REGION)[T.North America],-6.57133227879341e-17,9.369899626272195e-17,0.48310105284515337,
RC6-B-ONLY,"ONLY-Low/Lower-Middle Income (Inst., n=75)",C(REGION)[T.South Asia],0.19597945492930044,0.13302580463665395,0.14068528222321788,
RC6-B-ONLY,"ONLY-Low/Lower-Middle Income (Inst., n=75)",C(REGION)[T.Sub-Saharan Africa],0.04121986716889954,0.06821360196812827,0.5456599199035339,
RC6-B-ONLY,"ONLY-Low/Lower-Middle Income (Inst., n=75)",C_POVERTY_sub,-0.0023781908425661545,0.0030399558486428756,0.43403183488415165,
RC6-B-ONLY,"ONLY-Low/Lower-Middle Income (Inst., n=75)",C_POVERTY_SQ_sub,4.352618521836471e-05,7.799965612295547e-05,0.5768235738089245,
RC6-B-ONLY,"ONLY-Low/Lower-Middle Income (Inst., n=75)",C_URBAN_sub,0.0015641002933152429,0.0010633927921281517,0.14132939645757406,
RC6-B-ONLY,"ONLY-Low/Lower-Middle Income (Inst., n=75)",C_GOV_EFF_sub,-0.0184754964960444,0.03158600087331334,0.5585969782660782,
RC6-B-ONLY,"ONLY-Low/Lower-Middle Income (Inst., n=75)",C_CDBQ_sub,0.010565792780047253,0.0052373742263095435,0.04365549919885491,**
RC6-B-ONLY,"ONLY-Low/Lower-Middle Income (Inst., n=75)",C_log_DIS_EQK,0.03537933907228762,0.026395101894113548,0.1801234054562868,
RC6-B-ONLY,"ONLY-Low/Lower-Middle Income (Inst., n=75)",C_log_DIS_STM,-0.002840680007687509,0.01849931586967612,0.877959872339485,
RC6-B-ONLY,"ONLY-Low/Lower-Middle Income (Inst., n=75)",C_log_DIS_FLD,-0.027322964228052266,0.02862279748420612,0.33978634915517136,
RC6-B-ONLY,,R-squared,0.5267679280730893,,,
RC6-B-ONLY,,Adj. R-squared,0.4259151914329279,,,
RC6-B-ONLY,,N,75.0,,,
RC7-A-VULN,"VULN-Upper-Middle/High Income (GDP, n=75)",Intercept,0.7578203588994543,0.07380703676055196,9.863841283657057e-25,***
RC7-A-VULN,"VULN-Upper-Middle/High Income (GDP, n=75)",C(REGION)[T.Europe & Central Asia],-0.1581071808036869,0.07622796971571846,0.038066676387781315,**
RC7-A-VULN,"VULN-Upper-Middle/High Income (GDP, n=75)",C(REGION)[T.Latin America & Caribbean],0.029841645867327515,0.07915568860785728,0.706174062487299,
RC7-A-VULN,"VULN-Upper-Middle/High Income (GDP, n=75)",C(REGION)[T.Middle East & North Africa],-0.016751606518654635,0.13137724059828698,0.8985385988613093,
RC7-A-VULN,"VULN-Upper-Middle/High Income (GDP, n=75)",C(REGION)[T.North America],0.12701460709214407,0.09783588990962604,0.19420438051162436,
RC7-A-VULN,"VULN-Upper-Middle/High Income (GDP, n=75)",C(REGION)[T.South Asia],5.746843308807767e-16,1.6920957066008089e-16,0.0006830660020119034,***
RC7-A-VULN,"VULN-Upper-Middle/High Income (GDP, n=75)",C(REGION)[T.Sub-Saharan Africa],-0.47770389750931846,0.13175713539149742,0.0002882470453215361,***
RC7-A-VULN,"VULN-Upper-Middle/High Income (GDP, n=75)",C_POVERTY_sub,-0.03362980929388903,0.032513891912889774,0.3009860062745816,
RC7-A-VULN,"VULN-Upper-Middle/High Income (GDP, n=75)",C_POVERTY_SQ_sub,0.003592771900662201,0.0027099646340753487,0.18491808294524714,
RC7-A-VULN,"VULN-Upper-Middle/High Income (GDP, n=75)",C_URBAN_sub,-0.0022740001975510116,0.0018172407379747064,0.2108076135157313,
RC7-A-VULN,"VULN-Upper-Middle/High Income (GDP, n=75)",C_log_GDP_sub,0.11869592530372063,0.06958628431560725,0.08805698934843399,*
RC7-A-VULN,"VULN-Upper-Middle/High Income (GDP, n=75)",C_log_DIS_EQK,0.08124613102829002,0.02387215078769086,0.0006655631096949779,***
RC7-A-VULN,"VULN-Upper-Middle/High Income (GDP, n=75)",C_log_DIS_STM,-0.02185416501148851,0.030311902467384366,0.4709240614986119,
RC7-A-VULN,"VULN-Upper-Middle/High Income (GDP, n=75)",C_log_DIS_FLD,-0.03186456514898493,0.023200081376960387,0.16960695920504842,
RC7-A-VULN,,R-squared,0.377718995837544,,,
RC7-A-VULN,,Adj. R-squared,0.25727751116093955,,,
RC7-A-VULN,,N,75.0,,,
RC7-A-ONLY,"ONLY-Upper-Middle/High Income (GDP, n=75)",Intercept,0.5012672212400777,0.1067742561415474,2.6707019524690098e-06,***
RC7-A-ONLY,"ONLY-Upper-Middle/High Income (GDP, n=75)",C(REGION)[T.Europe & Central Asia],-0.03415257703255675,0.10946969833574872,0.7550541918573683,
RC7-A-ONLY,"ONLY-Upper-Middle/High Income (GDP, n=75)",C(REGION)[T.Latin America & Caribbean],-0.33682283052779594,0.1016648554407433,0.000922777257690612,***
RC7-A-ONLY,"ONLY-Upper-Middle/High Income (GDP, n=75)",C(REGION)[T.Middle East & North Africa],0.053186578988737694,0.13467407246283034,0.692895932523212,
RC7-A-ONLY,"ONLY-Upper-Middle/High Income (GDP, n=75)",C(REGION)[T.North America],-0.4002800362410741,0.1183567798067089,0.0007196588397007998,***
RC7-A-ONLY,"ONLY-Upper-Middle/High Income (GDP, n=75)",C(REGION)[T.South Asia],6.566562552855872e-16,2.39171043229105e-16,0.0060409409332236085,***
RC7-A-ONLY,"ONLY-Upper-Middle/High Income (GDP, n=75)",C(REGION)[T.Sub-Saharan Africa],-0.40556089186505634,0.1099703067879163,0.0002261011844608552,***
RC7-A-ONLY,"ONLY-Upper-Middle/High Income (GDP, n=75)",C_POVERTY_sub,-0.0331432441997932,0.028585247013538168,0.24627167230727443,
RC7-A-ONLY,"ONLY-Upper-Middle/High Income (GDP, n=75)",C_POVERTY_SQ_sub,0.0035637309579527885,0.0023051446367946277,0.12210694092363862,
RC7-A-ONLY,"ONLY-Upper-Middle/High Income (GDP, n=75)",C_URBAN_sub,0.0019472829009546128,0.0011740781842785402,0.09720383714168956,*
RC7-A-ONLY,"ONLY-Upper-Middle/High Income (GDP, n=75)",C_log_GDP_sub,0.00583084344348532,0.05583137448543523,0.9168228146473207,
RC7-A-ONLY,"ONLY-Upper-Middle/High Income (GDP, n=75)",C_log_DIS_EQK,0.059682616005358714,0.030001347933596347,0.04666466352811576,**
RC7-A-ONLY,"ONLY-Upper-Middle/High Income (GDP, n=75)",C_log_DIS_STM,-0.018024155467368998,0.025955685828127562,0.4874186587971131,
RC7-A-ONLY,"ONLY-Upper-Middle/High Income (GDP, n=75)",C_log_DIS_FLD,-0.04344209095034889,0.023963900917244874,0.0698605404967023,*
RC7-A-ONLY,,R-squared,0.597088872211877,,,
RC7-A-ONLY,,Adj. R-squared,0.5191060732851436,,,
RC7-A-ONLY,,N,75.0,,,
RC7-B-VULN,"VULN-Upper-Middle/High Income (Inst., n=75)",Intercept,0.708548600197542,0.07634154001588575,1.6742596172158473e-20,***
RC7-B-VULN,"VULN-Upper-Middle/High Income (Inst., n=75)",C(REGION)[T.Europe & Central Asia],-0.09862506979590126,0.0791575812994963,0.21278886818424292,
RC7-B-VULN,"VULN-Upper-Middle/High Income (Inst., n=75)",C(REGION)[T.Latin America & Caribbean],0.08454543680780645,0.09209566551062731,0.35860968024237627,
RC7-B-VULN,"VULN-Upper-Middle/High Income (Inst., n=75)",C(REGION)[T.Middle East & North Africa],0.037341046730745606,0.13449682261357426,0.7812924397935878,
RC7-B-VULN,"VULN-Upper-Middle/High Income (Inst., n=75)",C(REGION)[T.North America],0.16100815356380438,0.07323666162096096,0.02791606746678322,**
RC7-B-VULN,"VULN-Upper-Middle/High Income (Inst., n=75)",C(REGION)[T.South Asia],-2.137176486430618e-17,8.01953699048266e-17,0.7898570517204622,
RC7-B-VULN,"VULN-Upper-Middle/High Income (Inst., n=75)",C(REGION)[T.Sub-Saharan Africa],-0.4119008937344865,0.14773497524026846,0.00530170573487924,***
RC7-B-VULN,"VULN-Upper-Middle/High Income (Inst., n=75)",C_POVERTY_sub,-0.03919528271908046,0.037625954215940845,0.29754676817330394,
RC7-B-VULN,"VULN-Upper-Middle/High Income (Inst., n=75)",C_POVERTY_SQ_sub,0.0034698241154143186,0.0032044435991473697,0.278889920047411,
RC7-B-VULN,"VULN-Upper-Middle/High Income (Inst., n=75)",C_URBAN_sub,-0.0018514157535647379,0.0019322784183235496,0.3379862941719405,
RC7-B-VULN,"VULN-Upper-Middle/High Income (Inst., n=75)",C_GOV_EFF_sub,0.08157254037173961,0.04254460147112785,0.05519452998580879,*
RC7-B-VULN,"VULN-Upper-Middle/High Income (Inst., n=75)",C_CDBQ_sub,0.004594085773595713,0.016826299486172997,0.7848300987418099,
RC7-B-VULN,"VULN-Upper-Middle/High Income (Inst., n=75)",C_log_DIS_EQK,0.07511269741869638,0.024384281943300924,0.0020674111312252194,***
RC7-B-VULN,"VULN-Upper-Middle/High Income (Inst., n=75)",C_log_DIS_STM,-0.024527256284258184,0.02863435042886016,0.3916839086600905,
RC7-B-VULN,"VULN-Upper-Middle/High Income (Inst., n=75)",C_log_DIS_FLD,-0.021421780703662713,0.030224413792937655,0.47847496045220417,
RC7-B-VULN,,R-squared,0.39028485377618427,,,
RC7-B-VULN,,Adj. R-squared,0.26034556031864975,,,
RC7-B-VULN,,N,75.0,,,
RC7-B-ONLY,"ONLY-Upper-Middle/High Income (Inst., n=75)",Intercept,0.5009570851528824,0.09721123101084488,2.5596381443888513e-07,***
RC7-B-ONLY,"ONLY-Upper-Middle/High Income (Inst., n=75)",C(REGION)[T.Europe & Central Asia],-0.031220117639089592,0.09815156033328098,0.7504237183171625,
RC7-B-ONLY,"ONLY-Upper-Middle/High Income (Inst., n=75)",C(REGION)[T.Latin America & Caribbean],-0.3309933290989816,0.10319320967257409,0.0013388905767033133,***
RC7-B-ONLY,"ONLY-Upper-Middle/High Income (Inst., n=75)",C(REGION)[T.Middle East & North Africa],0.07232001883769301,0.12949136738632297,0.5765078011421038,
RC7-B-ONLY,"ONLY-Upper-Middle/High Income (Inst., n=75)",C(REGION)[T.North America],-0.40919700471881487,0.11073175616476764,0.00021954967307289593,***
RC7-B-ONLY,"ONLY-Upper-Middle/High Income (Inst., n=75)",C(REGION)[T.South Asia],-3.7116956349732376e-16,1.346481221825051e-16,0.005840767406427746,***
RC7-B-ONLY,"ONLY-Upper-Middle/High Income (Inst., n=75)",C(REGION)[T.Sub-Saharan Africa],-0.39551133438036323,0.10954641340715998,0.00030567175313861797,***
RC7-B-ONLY,"ONLY-Upper-Middle/High Income (Inst., n=75)",C_POVERTY_sub,-0.030337975538434883,0.029078908040936265,0.29681015480330597,
RC7-B-ONLY,"ONLY-Upper-Middle/High Income (Inst., n=75)",C_POVERTY_SQ_sub,0.0031682256975716,0.0024430840054094163,0.19469517045205065,
RC7-B-ONLY,"ONLY-Upper-Middle/High Income (Inst., n=75)",C_URBAN_sub,0.001544184434409345,0.00120736403367108,0.20090702068679855,
RC7-B-ONLY,"ONLY-Upper-Middle/High Income (Inst., n=75)",C_GOV_EFF_sub,0.03013195887498815,0.029031288870840513,0.29931045243037535,
RC7-B-ONLY,"ONLY-Upper-Middle/High Income (Inst., n=75)",C_CDBQ_sub,-0.004327739060024053,0.012239659759014749,0.7236512055481041,
RC7-B-ONLY,"ONLY-Upper-Middle/High Income (Inst., n=75)",C_log_DIS_EQK,0.06028562486896707,0.03132655228124303,0.05430123536853678,*
RC7-B-ONLY,"ONLY-Upper-Middle/High Income (Inst., n=75)",C_log_DIS_STM,-0.024793773558581818,0.025674235259235016,0.3341911111536944,
RC7-B-ONLY,"ONLY-Upper-Middle/High Income (Inst., n=75)",C_log_DIS_FLD,-0.0324435079750918,0.027613871452511315,0.24003515444494605,
RC7-B-ONLY,,R-squared,0.603362940031759,,,
RC7-B-ONLY,,Adj. R-squared,0.5188337305303307,,,
RC7-B-ONLY,,N,75.0,,,
RC8-A-VULN,"VULN-Exclude Top 1% Disasters (GDP, n=148)",Intercept,0.5776790762627565,0.04050499055883829,3.778932194903062e-46,***
RC8-A-VULN,"VULN-Exclude Top 1% Disasters (GDP, n=148)",C(REGION)[T.Europe & Central Asia],-0.05188605506357949,0.0521956439427451,0.3201894303230144,
RC8-A-VULN,"VULN-Exclude Top 1% Disasters (GDP, n=148)",C(REGION)[T.Latin America & Caribbean],0.11070684637112596,0.05178121190610438,0.032518913642604286,**
RC8-A-VULN,"VULN-Exclude Top 1% Disasters (GDP, n=148)",C(REGION)[T.Middle East & North Africa],0.1042351829532153,0.07620921309312684,0.1713902128716931,
RC8-A-VULN,"VULN-Exclude Top 1% Disasters (GDP, n=148)",C(REGION)[T.North America],0.27772071196964954,0.04835981119799968,9.312382695405874e-09,***
RC8-A-VULN,"VULN-Exclude Top 1% Disasters (GDP, n=148)",C(REGION)[T.South Asia],-0.21477217872932827,0.1014908050546536,0.03433003188986907,**
RC8-A-VULN,"VULN-Exclude Top 1% Disasters (GDP, n=148)",C(REGION)[T.Sub-Saharan Africa],-0.22308750623732265,0.06368747165500832,0.0004603127748063217,***
RC8-A-VULN,"VULN-Exclude Top 1% Disasters (GDP, n=148)",C_POVERTY,-0.0009108077794568064,0.001900533082177635,0.6317692838999636,
RC8-A-VULN,"VULN-Exclude Top 1% Disasters (GDP, n=148)",C_log_GDP,0.0851296287752894,0.024141187800405167,0.0004213725223959424,***
RC8-A-VULN,"VULN-Exclude Top 1% Disasters (GDP, n=148)",C_log_DIS_EQK,0.06391831362828737,0.018900243128119363,0.0007199214854520172,***
RC8-A-VULN,"VULN-Exclude Top 1% Disasters (GDP, n=148)",C_log_DIS_STM,0.009330111167148518,0.016897330510716124,0.5808354467757664,
RC8-A-VULN,"VULN-Exclude Top 1% Disasters (GDP, n=148)",C_log_DIS_FLD,-0.03411568717107946,0.01702623139154778,0.045100775182782264,**
RC8-A-VULN,,R-squared,0.6535987612911884,,,
RC8-A-VULN,,Adj. R-squared,0.6255810140426816,,,
RC8-A-VULN,,N,148.0,,,
RC8-A-ONLY,"ONLY-Exclude Top 1% Disasters (GDP, n=148)",Intercept,0.24247152029507463,0.05336660132637375,5.532599875264064e-06,***
RC8-A-ONLY,"ONLY-Exclude Top 1% Disasters (GDP, n=148)",C(REGION)[T.Europe & Central Asia],0.13975235800043956,0.06846040293731309,0.04121501394429115,**
RC8-A-ONLY,"ONLY-Exclude Top 1% Disasters (GDP, n=148)",C(REGION)[T.Latin America & Caribbean],-0.13915766723618517,0.05652401525875242,0.013819505430480663,**
RC8-A-ONLY,"ONLY-Exclude Top 1% Disasters (GDP, n=148)",C(REGION)[T.Middle East & North Africa],0.26743896644276827,0.09112050302774882,0.003335442662059728,***
RC8-A-ONLY,"ONLY-Exclude Top 1% Disasters (GDP, n=148)",C(REGION)[T.North America],-0.28966736702600154,0.08412062355680053,0.0005742870905177215,***
RC8-A-ONLY,"ONLY-Exclude Top 1% Disasters (GDP, n=148)",C(REGION)[T.South Asia],0.12977901868070935,0.10918217129066683,0.23457875496339575,
RC8-A-ONLY,"ONLY-Exclude Top 1% Disasters (GDP, n=148)",C(REGION)[T.Sub-Saharan Africa],-0.02419561673286485,0.060418263732867454,0.6888114156081926,
RC8-A-ONLY,"ONLY-Exclude Top 1% Disasters (GDP, n=148)",C_POVERTY,0.000998373115446451,0.00166082174792429,0.5477520646976173,
RC8-A-ONLY,"ONLY-Exclude Top 1% Disasters (GDP, n=148)",C_log_GDP,0.09442767543042346,0.026706582410152627,0.0004066264066548272,***
RC8-A-ONLY,"ONLY-Exclude Top 1% Disasters (GDP, n=148)",C_log_DIS_EQK,0.033053443097726114,0.01912330366202898,0.08390974297389392,*
RC8-A-ONLY,"ONLY-Exclude Top 1% Disasters (GDP, n=148)",C_log_DIS_STM,-0.005272533545608431,0.014112296471579326,0.70869246503243,
RC8-A-ONLY,"ONLY-Exclude Top 1% Disasters (GDP, n=148)",C_log_DIS_FLD,-0.01513184026877797,0.016582277258958646,0.36148931480670643,
RC8-A-ONLY,,R-squared,0.6055628823285544,,,
RC8-A-ONLY,,Adj. R-squared,0.5736598801639522,,,
RC8-A-ONLY,,N,148.0,,,
RC8-B-VULN,"VULN-Exclude Top 1% Disasters (Inst., n=148)",Intercept,0.5530405051982219,0.03748743248494668,2.956377745690727e-49,***
RC8-B-VULN,"VULN-Exclude Top 1% Disasters (Inst., n=148)",C(REGION)[T.Europe & Central Asia],-0.008435631938988112,0.04672255600986637,0.8567229143021613,
RC8-B-VULN,"VULN-Exclude Top 1% Disasters (Inst., n=148)",C(REGION)[T.Latin America & Caribbean],0.16790273160028296,0.04876725605063308,0.0005754271790664248,***
RC8-B-VULN,"VULN-Exclude Top 1% Disasters (Inst., n=148)",C(REGION)[T.Middle East & North Africa],0.13147390901649658,0.0749267872338319,0.07931092050499655,*
RC8-B-VULN,"VULN-Exclude Top 1% Disasters (Inst., n=148)",C(REGION)[T.North America],0.26358991094349626,0.04916293479097145,8.250736514783791e-08,***
RC8-B-VULN,"VULN-Exclude Top 1% Disasters (Inst., n=148)",C(REGION)[T.South Asia],-0.22732521696813793,0.09142006272865151,0.012896996465266817,**
RC8-B-VULN,"VULN-Exclude Top 1% Disasters (Inst., n=148)",C(REGION)[T.Sub-Saharan Africa],-0.22057587151620145,0.05805095018388771,0.00014487461749566563,***
RC8-B-VULN,"VULN-Exclude Top 1% Disasters (Inst., n=148)",C_POVERTY,-0.0026633447640659444,0.0015624356290456804,0.08826702186030368,*
RC8-B-VULN,"VULN-Exclude Top 1% Disasters (Inst., n=148)",C_GOV_EFF,0.06687124870809427,0.020831477938871835,0.0013268611220256848,***
RC8-B-VULN,"VULN-Exclude Top 1% Disasters (Inst., n=148)",C_CDBQ,0.008373367781500805,0.006054674277823393,0.16667736198586403,
RC8-B-VULN,"VULN-Exclude Top 1% Disasters (Inst., n=148)",C_log_DIS_EQK,0.054522984911897054,0.01884038473469848,0.003804381558397081,***
RC8-B-VULN,"VULN-Exclude Top 1% Disasters (Inst., n=148)",C_log_DIS_STM,0.010827474690328291,0.015412931554294844,0.48237183989018617,
RC8-B-VULN,"VULN-Exclude Top 1% Disasters (Inst., n=148)",C_log_DIS_FLD,-0.03100504261498149,0.018854331780941334,0.10008288232092835,
RC8-B-VULN,,R-squared,0.6578328548738902,,,
RC8-B-VULN,,Adj. R-squared,0.6274179975293471,,,
RC8-B-VULN,,N,148.0,,,
RC8-B-ONLY,"ONLY-Exclude Top 1% Disasters (Inst., n=148)",Intercept,0.21870022698942485,0.053434364108456193,4.260555679899824e-05,***
RC8-B-ONLY,"ONLY-Exclude Top 1% Disasters (Inst., n=148)",C(REGION)[T.Europe & Central Asia],0.1898341185846726,0.06492133076909581,0.0034549383317685834,***
RC8-B-ONLY,"ONLY-Exclude Top 1% Disasters (Inst., n=148)",C(REGION)[T.Latin America & Caribbean],-0.08335543308180793,0.05508174636400687,0.1302024295515808,
RC8-B-ONLY,"ONLY-Exclude Top 1% Disasters (Inst., n=148)",C(REGION)[T.Middle East & North Africa],0.284201838470587,0.08789826100055587,0.0012236707874804316,***
RC8-B-ONLY,"ONLY-Exclude Top 1% Disasters (Inst., n=148)",C(REGION)[T.North America],-0.2893698620006404,0.08997283045542329,0.0012990406920310475,***
RC8-B-ONLY,"ONLY-Exclude Top 1% Disasters (Inst., n=148)",C(REGION)[T.South Asia],0.11010413467961375,0.10455275863664434,0.2922968084747397,
RC8-B-ONLY,"ONLY-Exclude Top 1% Disasters (Inst., n=148)",C(REGION)[T.Sub-Saharan Africa],-0.02772785246606258,0.059799075920223196,0.6428744287688014,
RC8-B-ONLY,"ONLY-Exclude Top 1% Disasters (Inst., n=148)",C_POVERTY,-0.0013341036330717032,0.0012642007766652502,0.2912908342187346,
RC8-B-ONLY,"ONLY-Exclude Top 1% Disasters (Inst., n=148)",C_GOV_EFF,0.055293589102015345,0.021631430016080016,0.01058317293081629,**
RC8-B-ONLY,"ONLY-Exclude Top 1% Disasters (Inst., n=148)",C_CDBQ,0.011026117727232762,0.005546384730293969,0.04681358666390287,**
RC8-B-ONLY,"ONLY-Exclude Top 1% Disasters (Inst., n=148)",C_log_DIS_EQK,0.021360939227128867,0.02113684603326497,0.3122069502241207,
RC8-B-ONLY,"ONLY-Exclude Top 1% Disasters (Inst., n=148)",C_log_DIS_STM,-0.0007932310036946905,0.014066546570701721,0.9550300786844987,
RC8-B-ONLY,"ONLY-Exclude Top 1% Disasters (Inst., n=148)",C_log_DIS_FLD,-0.015776661285771276,0.01756204934807219,0.36900522778638467,
RC8-B-ONLY,,R-squared,0.5946978280601007,,,
RC8-B-ONLY,,Adj. R-squared,0.5586709683321097,,,
RC8-B-ONLY,,N,148.0,,,
RC9-A-VULN,VULN-Winsorized Disasters (GDP Model),Intercept,0.5927158938689405,0.04170969392685114,7.885264864827774e-46,***
RC9-A-VULN,VULN-Winsorized Disasters (GDP Model),C(REGION)[T.Europe & Central Asia],-0.07110844978192209,0.05261066919560747,0.17650410550659013,
RC9-A-VULN,VULN-Winsorized Disasters (GDP Model),C(REGION)[T.Latin America & Caribbean],0.09200917637075481,0.05265757850057172,0.08058337237529843,*
RC9-A-VULN,VULN-Winsorized Disasters (GDP Model),C(REGION)[T.Middle East & North Africa],0.09346146054519654,0.07712815791146874,0.2256010673890615,
RC9-A-VULN,VULN-Winsorized Disasters (GDP Model),C(REGION)[T.North America],0.13172515900117115,0.10328941376916738,0.20220249671802948,
RC9-A-VULN,VULN-Winsorized Disasters (GDP Model),C(REGION)[T.South Asia],-0.23772213560821406,0.09914386022196094,0.016496144823863922,**
RC9-A-VULN,VULN-Winsorized Disasters (GDP Model),C(REGION)[T.Sub-Saharan Africa],-0.2360620965358563,0.06539406249232223,0.0003063860437217908,***
RC9-A-VULN,VULN-Winsorized Disasters (GDP Model),C_POVERTY,-0.0010194943420536056,0.0019378805027856524,0.5988275448190095,
RC9-A-VULN,VULN-Winsorized Disasters (GDP Model),C_log_GDP,0.08714842237608321,0.0240771089634155,0.00029510997692245276,***
RC9-A-VULN,VULN-Winsorized Disasters (GDP Model),C_log_DIS_EQK,0.06470372268952487,0.02128823138878167,0.0023703982288253316,***
RC9-A-VULN,VULN-Winsorized Disasters (GDP Model),C_log_DIS_STM,0.009481691673756648,0.017969610001679348,0.597741241299216,
RC9-A-VULN,VULN-Winsorized Disasters (GDP Model),C_log_DIS_FLD,-0.032607672967311804,0.01727584181809507,0.05909682803998804,*
RC9-A-VULN,,R-squared,0.652434238744281,,,
RC9-A-VULN,,Adj. R-squared,0.6247297215427382,,,
RC9-A-VULN,,N,150.0,,,
RC9-A-ONLY,ONLY-Winsorized Disasters (GDP Model),Intercept,0.25753957442333764,0.051416952533521576,5.475748943650879e-07,***
RC9-A-ONLY,ONLY-Winsorized Disasters (GDP Model),C(REGION)[T.Europe & Central Asia],0.12078824665677368,0.06591289574492695,0.06687049158769079,*
RC9-A-ONLY,ONLY-Winsorized Disasters (GDP Model),C(REGION)[T.Latin America & Caribbean],-0.16097190212560564,0.055256754435354515,0.0035778841882096526,***
RC9-A-ONLY,ONLY-Winsorized Disasters (GDP Model),C(REGION)[T.Middle East & North Africa],0.25606404175630887,0.08991715131338428,0.004402569076511109,***
RC9-A-ONLY,ONLY-Winsorized Disasters (GDP Model),C(REGION)[T.North America],-0.3587961586621988,0.08633676787121718,3.241871203162386e-05,***
RC9-A-ONLY,ONLY-Winsorized Disasters (GDP Model),C(REGION)[T.South Asia],0.10024463719151219,0.10687171266462847,0.3482493595964681,
RC9-A-ONLY,ONLY-Winsorized Disasters (GDP Model),C(REGION)[T.Sub-Saharan Africa],-0.028460493158442478,0.05968449640062938,0.6334696418139644,
RC9-A-ONLY,ONLY-Winsorized Disasters (GDP Model),C_POVERTY,0.0007396527957856744,0.00170210185568061,0.6638872031217349,
RC9-A-ONLY,ONLY-Winsorized Disasters (GDP Model),C_log_GDP,0.09675280868270163,0.02654572048224354,0.00026764032642616077,***
RC9-A-ONLY,ONLY-Winsorized Disasters (GDP Model),C_log_DIS_EQK,0.04085042162585545,0.02186193722693189,0.06168354439830298,*
RC9-A-ONLY,ONLY-Winsorized Disasters (GDP Model),C_log_DIS_STM,-0.00230395211913965,0.014920176763959745,0.8772797252556723,
RC9-A-ONLY,ONLY-Winsorized Disasters (GDP Model),C_log_DIS_FLD,-0.014768249171318141,0.016673864753843862,0.37577251163075853,
RC9-A-ONLY,,R-squared,0.6017444598476533,,,
RC9-A-ONLY,,Adj. R-squared,0.5699994530239156,,,
RC9-A-ONLY,,N,150.0,,,
RC9-B-VULN,VULN-Winsorized Disasters (Inst. Model),Intercept,0.5674194321609424,0.03804785514042772,2.7003062514238566e-50,***
RC9-B-VULN,VULN-Winsorized Disasters (Inst. Model),C(REGION)[T.Europe & Central Asia],-0.026780830227808427,0.046506390108567046,0.5647147501652339,
RC9-B-VULN,VULN-Winsorized Disasters (Inst. Model),C(REGION)[T.Latin America & Caribbean],0.15275279483291615,0.04918815421356858,0.0018997091548042223,***
RC9-B-VULN,VULN-Winsorized Disasters (Inst. Model),C(REGION)[T.Middle East & North Africa],0.1181992315275418,0.0763338977614605,0.12151396725227376,
RC9-B-VULN,VULN-Winsorized Disasters (Inst. Model),C(REGION)[T.North America],0.15549772879844134,0.07591060261257468,0.0405176612753498,**
RC9-B-VULN,VULN-Winsorized Disasters (Inst. Model),C(REGION)[T.South Asia],-0.24835454328544085,0.08924030839291623,0.005386110345102323,***
RC9-B-VULN,VULN-Winsorized Disasters (Inst. Model),C(REGION)[T.Sub-Saharan Africa],-0.23408976881817153,0.05906489423694309,7.39319476080825e-05,***
RC9-B-VULN,VULN-Winsorized Disasters (Inst. Model),C_POVERTY,-0.002745376849564117,0.0015757168525860376,0.08145536660813014,*
RC9-B-VULN,VULN-Winsorized Disasters (Inst. Model),C_GOV_EFF,0.0671409431610302,0.021025238162789187,0.0014063240553213088,***
RC9-B-VULN,VULN-Winsorized Disasters (Inst. Model),C_CDBQ,0.009717579264239936,0.006001044484620451,0.10537957962471417,
RC9-B-VULN,VULN-Winsorized Disasters (Inst. Model),C_log_DIS_EQK,0.05328658186376093,0.021228905432894178,0.012069848464409215,**
RC9-B-VULN,VULN-Winsorized Disasters (Inst. Model),C_log_DIS_STM,0.011661161624505062,0.016366993220408195,0.47616735383235076,
RC9-B-VULN,VULN-Winsorized Disasters (Inst. Model),C_log_DIS_FLD,-0.029956179232805268,0.019144593758569122,0.11764550767745367,
RC9-B-VULN,,R-squared,0.6586214359156958,,,
RC9-B-VULN,,Adj. R-squared,0.6287196638791144,,,
RC9-B-VULN,,N,150.0,,,
RC9-B-ONLY,ONLY-Winsorized Disasters (Inst. Model),Intercept,0.23201833387161183,0.05041308046502652,4.1776263165212325e-06,***
RC9-B-ONLY,ONLY-Winsorized Disasters (Inst. Model),C(REGION)[T.Europe & Central Asia],0.17341624417128,0.06145618721579649,0.004775694744356867,***
RC9-B-ONLY,ONLY-Winsorized Disasters (Inst. Model),C(REGION)[T.Latin America & Caribbean],-0.10112285905491869,0.05330104324943745,0.05780125032710242,*
RC9-B-ONLY,ONLY-Winsorized Disasters (Inst. Model),C(REGION)[T.Middle East & North Africa],0.2724286997270525,0.08584672229095004,0.0015064840321674705,***
RC9-B-ONLY,ONLY-Winsorized Disasters (Inst. Model),C(REGION)[T.North America],-0.3147452851744778,0.07548139123408372,3.0481425534023385e-05,***
RC9-B-ONLY,ONLY-Winsorized Disasters (Inst. Model),C(REGION)[T.South Asia],0.08297888212134238,0.10190006264987003,0.4154637734667327,
RC9-B-ONLY,ONLY-Winsorized Disasters (Inst. Model),C(REGION)[T.Sub-Saharan Africa],-0.0314134349084444,0.057191846625474975,0.5828241395409584,
RC9-B-ONLY,ONLY-Winsorized Disasters (Inst. Model),C_POVERTY,-0.0016027846180414283,0.0012882970817747988,0.21345869961232788,
RC9-B-ONLY,ONLY-Winsorized Disasters (Inst. Model),C_GOV_EFF,0.055925902610593166,0.021698225082284448,0.009953477039776417,***
RC9-B-ONLY,ONLY-Winsorized Disasters (Inst. Model),C_CDBQ,0.011945725274427579,0.0054648565913639376,0.0288216468123771,**
RC9-B-ONLY,ONLY-Winsorized Disasters (Inst. Model),C_log_DIS_EQK,0.02691706328579699,0.02357165344136729,0.2534851442947934,
RC9-B-ONLY,ONLY-Winsorized Disasters (Inst. Model),C_log_DIS_STM,0.003079299687745837,0.014767149584857182,0.8348201313361677,
RC9-B-ONLY,ONLY-Winsorized Disasters (Inst. Model),C_log_DIS_FLD,-0.015526128970577265,0.017772409319501577,0.3823314611932457,
RC9-B-ONLY,,R-squared,0.5929009184492171,,,
RC9-B-ONLY,,Adj. R-squared,0.5572426047367398,,,
RC9-B-ONLY,,N,150.0,,,
RC10-A-VULN,VULN-Binary Disasters (GDP Model),Intercept,0.622160422922891,0.09816072735256813,2.3249413390055693e-10,***
RC10-A-VULN,VULN-Binary Disasters (GDP Model),C(REGION)[T.Europe & Central Asia],-0.08714277110923122,0.0519157165575416,0.09324111148732678,*
RC10-A-VULN,VULN-Binary Disasters (GDP Model),C(REGION)[T.Latin America & Caribbean],0.08002308076073124,0.05761713883585454,0.1648703570596609,
RC10-A-VULN,VULN-Binary Disasters (GDP Model),C(REGION)[T.Middle East & North Africa],0.08483515687211157,0.0764970007795189,0.2674302778104849,
RC10-A-VULN,VULN-Binary Disasters (GDP Model),C(REGION)[T.North America],0.11800674144094209,0.07450426030302885,0.1132181773035574,
RC10-A-VULN,VULN-Binary Disasters (GDP Model),C(REGION)[T.South Asia],-0.2366564906391447,0.10654926604046282,0.02634424253694387,**
RC10-A-VULN,VULN-Binary Disasters (GDP Model),C(REGION)[T.Sub-Saharan Africa],-0.27988092869548675,0.05998194709638535,3.069911271899223e-06,***
RC10-A-VULN,VULN-Binary Disasters (GDP Model),C_POVERTY,-0.001268981076851233,0.0017975304938449921,0.4802142413788917,
RC10-A-VULN,VULN-Binary Disasters (GDP Model),C_log_GDP,0.08499262679343575,0.022507194443851273,0.00015921191783640224,***
RC10-A-VULN,VULN-Binary Disasters (GDP Model),EQK_any,0.03234407095451746,0.03503899451600886,0.35596141331921083,
RC10-A-VULN,VULN-Binary Disasters (GDP Model),STM_any,0.01988881768696434,0.04877122464852887,0.6834218342639622,
RC10-A-VULN,VULN-Binary Disasters (GDP Model),FLD_any,-0.04576154029990463,0.07626861683267178,0.5485030006265132,
RC10-A-VULN,,R-squared,0.6334462283937254,,,
RC10-A-VULN,,Adj. R-squared,0.6042281741352543,,,
RC10-A-VULN,,N,150.0,,,
RC10-A-ONLY,ONLY-Binary Disasters (GDP Model),Intercept,0.3407878257913661,0.08782009822845623,0.0001042325031062057,***
RC10-A-ONLY,ONLY-Binary Disasters (GDP Model),C(REGION)[T.Europe & Central Asia],0.11085650731522081,0.06590473761385719,0.0925548982310103,*
RC10-A-ONLY,ONLY-Binary Disasters (GDP Model),C(REGION)[T.Latin America & Caribbean],-0.16696832017120003,0.054836393330318985,0.002328002242689513,***
RC10-A-ONLY,ONLY-Binary Disasters (GDP Model),C(REGION)[T.Middle East & North Africa],0.2549370709236996,0.08954166571095155,0.004411486612020564,***
RC10-A-ONLY,ONLY-Binary Disasters (GDP Model),C(REGION)[T.North America],-0.35629015646747203,0.07525528246819164,2.196817928479021e-06,***
RC10-A-ONLY,ONLY-Binary Disasters (GDP Model),C(REGION)[T.South Asia],0.10651567433831888,0.10812003402886926,0.32454484188635835,
RC10-A-ONLY,ONLY-Binary Disasters (GDP Model),C(REGION)[T.Sub-Saharan Africa],-0.05146265786229211,0.054192584347836734,0.3423025968220381,
RC10-A-ONLY,ONLY-Binary Disasters (GDP Model),C_POVERTY,0.00041185738860218327,0.001520136282210036,0.7864413972117109,
RC10-A-ONLY,ONLY-Binary Disasters (GDP Model),C_log_GDP,0.08982688798782797,0.02497053904840663,0.00032151935282897343,***
RC10-A-ONLY,ONLY-Binary Disasters (GDP Model),EQK_any,0.022653636582373227,0.02973483299785802,0.44614644194726916,
RC10-A-ONLY,ONLY-Binary Disasters (GDP Model),STM_any,-0.015803340166753017,0.036542088128474995,0.6654001834649894,
RC10-A-ONLY,ONLY-Binary Disasters (GDP Model),FLD_any,-0.07664547197246566,0.06952857826558839,0.27030551639237554,
RC10-A-ONLY,,R-squared,0.5979210138626612,,,
RC10-A-ONLY,,Adj. R-squared,0.5658712396053371,,,
RC10-A-ONLY,,N,150.0,,,
RC10-B-VULN,VULN-Binary Disasters (Inst. Model),Intercept,0.5975928068584547,0.1041010868566301,9.439464851174722e-09,***
RC10-B-VULN,VULN-Binary Disasters (Inst. Model),C(REGION)[T.Europe & Central Asia],-0.04507800879709584,0.0462273672794881,0.32949238729649233,
RC10-B-VULN,VULN-Binary Disasters (Inst. Model),C(REGION)[T.Latin America & Caribbean],0.141871587510019,0.052078476907707394,0.00644597061042248,***
RC10-B-VULN,VULN-Binary Disasters (Inst. Model),C(REGION)[T.Middle East & North Africa],0.10625875503572492,0.07551185117213084,0.1593740665325265,
RC10-B-VULN,VULN-Binary Disasters (Inst. Model),C(REGION)[T.North America],0.13714495813364688,0.05183546851758783,0.008150414134834909,***
RC10-B-VULN,VULN-Binary Disasters (Inst. Model),C(REGION)[T.South Asia],-0.24880186021142722,0.09432752490861956,0.008348565954309172,***
RC10-B-VULN,VULN-Binary Disasters (Inst. Model),C(REGION)[T.Sub-Saharan Africa],-0.2766321688477448,0.05603315395215538,7.935896300923872e-07,***
RC10-B-VULN,VULN-Binary Disasters (Inst. Model),C_POVERTY,-0.0027555864841383145,0.0014899133802625244,0.06438645269258032,*
RC10-B-VULN,VULN-Binary Disasters (Inst. Model),C_GOV_EFF,0.07013766078346721,0.02004136131438452,0.00046587720035102,***
RC10-B-VULN,VULN-Binary Disasters (Inst. Model),C_CDBQ,0.009929368894462012,0.005181996836152675,0.0553488134192534,*
RC10-B-VULN,VULN-Binary Disasters (Inst. Model),EQK_any,0.025991674077658546,0.03591623223355363,0.46926537514116884,
RC10-B-VULN,VULN-Binary Disasters (Inst. Model),STM_any,0.012108119342917383,0.048222494350079845,0.8017455975283059,
RC10-B-VULN,VULN-Binary Disasters (Inst. Model),FLD_any,-0.035567932217364755,0.08164273009342873,0.6630882271774319,
RC10-B-VULN,,R-squared,0.643963431259671,,,
RC10-B-VULN,,Adj. R-squared,0.6127777464065036,,,
RC10-B-VULN,,N,150.0,,,
RC10-B-ONLY,ONLY-Binary Disasters (Inst. Model),Intercept,0.34178038837511365,0.09446562274484173,0.00029684268856411015,***
RC10-B-ONLY,ONLY-Binary Disasters (Inst. Model),C(REGION)[T.Europe & Central Asia],0.1543130407401026,0.061233284499143316,0.011732672150524351,**
RC10-B-ONLY,ONLY-Binary Disasters (Inst. Model),C(REGION)[T.Latin America & Caribbean],-0.11360295207623738,0.05200635375427184,0.028932482928595748,**
RC10-B-ONLY,ONLY-Binary Disasters (Inst. Model),C(REGION)[T.Middle East & North Africa],0.25882150887627614,0.08854993090568344,0.003468015083965384,***
RC10-B-ONLY,ONLY-Binary Disasters (Inst. Model),C(REGION)[T.North America],-0.3197477012046961,0.06880235042242373,3.362477792389586e-06,***
RC10-B-ONLY,ONLY-Binary Disasters (Inst. Model),C(REGION)[T.South Asia],0.08198126733032356,0.1035421611141978,0.4284965415087608,
RC10-B-ONLY,ONLY-Binary Disasters (Inst. Model),C(REGION)[T.Sub-Saharan Africa],-0.060562719796057075,0.05274750615813189,0.25090139873908524,
RC10-B-ONLY,ONLY-Binary Disasters (Inst. Model),C_POVERTY,-0.0016371315986214749,0.001182886967755445,0.1663543039329035,
RC10-B-ONLY,ONLY-Binary Disasters (Inst. Model),C_GOV_EFF,0.05069485084241398,0.0206293816356806,0.013994283075158443,**
RC10-B-ONLY,ONLY-Binary Disasters (Inst. Model),C_CDBQ,0.012956587716094006,0.004782199273350679,0.006741789585135845,***
RC10-B-ONLY,ONLY-Binary Disasters (Inst. Model),EQK_any,0.01219758371957971,0.03173782752793184,0.7007389081997402,
RC10-B-ONLY,ONLY-Binary Disasters (Inst. Model),STM_any,-0.023673845919377795,0.03880046470602545,0.5417668456050779,
RC10-B-ONLY,ONLY-Binary Disasters (Inst. Model),FLD_any,-0.08520690169403447,0.07386930537923264,0.24871267045959133,
RC10-B-ONLY,,R-squared,0.5952085118327142,,,
RC10-B-ONLY,,Adj. R-squared,0.5597523230881345,,,
RC10-B-ONLY,,N,150.0,,,
RC10-2-A-VULN,VULN-Dealth Disasters (GDP Model),Intercept,0.5869452977992035,0.04167193843920172,4.702902000411542e-45,***
RC10-2-A-VULN,VULN-Dealth Disasters (GDP Model),C(REGION)[T.Europe & Central Asia],-0.05752864234403114,0.0547019402652532,0.29294885829936,
RC10-2-A-VULN,VULN-Dealth Disasters (GDP Model),C(REGION)[T.Latin America & Caribbean],0.09909406674483531,0.05449109398501312,0.06898210766132604,*
RC10-2-A-VULN,VULN-Dealth Disasters (GDP Model),C(REGION)[T.Middle East & North Africa],0.10295752589508361,0.0711284782595582,0.14776066027023568,
RC10-2-A-VULN,VULN-Dealth Disasters (GDP Model),C(REGION)[T.North America],0.11668213880382923,0.07591045146471635,0.1242682299603398,
RC10-2-A-VULN,VULN-Dealth Disasters (GDP Model),C(REGION)[T.South Asia],-0.2262746147104147,0.12289963744902682,0.06560202725288768,*
RC10-2-A-VULN,VULN-Dealth Disasters (GDP Model),C(REGION)[T.Sub-Saharan Africa],-0.23762325312915522,0.06271050508658908,0.00015112731321400888,***
RC10-2-A-VULN,VULN-Dealth Disasters (GDP Model),C_POVERTY,-0.0012408610266014483,0.00180629063502362,0.4921038841265306,
RC10-2-A-VULN,VULN-Dealth Disasters (GDP Model),C_log_GDP,0.08436280526852065,0.023877154604849453,0.00041055898230298423,***
RC10-2-A-VULN,VULN-Dealth Disasters (GDP Model),C_log_DIS_EQK_DEATHS,0.0074606755019802195,0.006919576893294756,0.28094530533764484,
RC10-2-A-VULN,VULN-Dealth Disasters (GDP Model),C_log_DIS_STM_DEATHS,0.013726486944555432,0.008188803870708488,0.09368912760813931,*
RC10-2-A-VULN,VULN-Dealth Disasters (GDP Model),C_log_DIS_FLD_DEATHS,-0.013967318216962123,0.008046792971420025,0.08260590912597843,*
RC10-2-A-VULN,,R-squared,0.6410468255080402,,,
RC10-2-A-VULN,,Adj. R-squared,0.6124346159470868,,,
RC10-2-A-VULN,,N,150.0,,,
RC10-2-A-ONLY,ONLY-Dealth Disasters (GDP Model),Intercept,0.2580107211339587,0.05295258728100056,1.1020286850453507e-06,***
RC10-2-A-ONLY,ONLY-Dealth Disasters (GDP Model),C(REGION)[T.Europe & Central Asia],0.1337449570031285,0.06867880869419543,0.05148706851817125,*
RC10-2-A-ONLY,ONLY-Dealth Disasters (GDP Model),C(REGION)[T.Latin America & Caribbean],-0.16222804075164454,0.05440718498436382,0.0028661596776607644,***
RC10-2-A-ONLY,ONLY-Dealth Disasters (GDP Model),C(REGION)[T.Middle East & North Africa],0.2592029346694296,0.08942499924530324,0.0037489114993865826,***
RC10-2-A-ONLY,ONLY-Dealth Disasters (GDP Model),C(REGION)[T.North America],-0.36886148108516253,0.07754127971454139,1.9652111746098594e-06,***
RC10-2-A-ONLY,ONLY-Dealth Disasters (GDP Model),C(REGION)[T.South Asia],0.07886449004845511,0.12221593996387632,0.5187405116170947,
RC10-2-A-ONLY,ONLY-Dealth Disasters (GDP Model),C(REGION)[T.Sub-Saharan Africa],-0.040729127670008004,0.06005527110683959,0.49764866321554757,
RC10-2-A-ONLY,ONLY-Dealth Disasters (GDP Model),C_POVERTY,0.0003041034556694666,0.0015378680423533022,0.8432457299572012,
RC10-2-A-ONLY,ONLY-Dealth Disasters (GDP Model),C_log_GDP,0.09371146307962294,0.02544145944044912,0.0002301296977738243,***
RC10-2-A-ONLY,ONLY-Dealth Disasters (GDP Model),C_log_DIS_EQK_DEATHS,0.0033126708134222404,0.006340378993303026,0.6013417016267666,
RC10-2-A-ONLY,ONLY-Dealth Disasters (GDP Model),C_log_DIS_STM_DEATHS,0.0021272659616434334,0.006499361068537046,0.7434380736495461,
RC10-2-A-ONLY,ONLY-Dealth Disasters (GDP Model),C_log_DIS_FLD_DEATHS,0.003798489226544886,0.007192441481817452,0.5974144068587831,
RC10-2-A-ONLY,,R-squared,0.5956666162291062,,,
RC10-2-A-ONLY,,Adj. R-squared,0.5634371436096872,,,
RC10-2-A-ONLY,,N,150.0,,,
RC10-2-B-VULN,VULN-Dealth Disasters (Inst. Model),Intercept,0.5665908792895686,0.0390206406002567,9.013279291475479e-48,***
RC10-2-B-VULN,VULN-Dealth Disasters (Inst. Model),C(REGION)[T.Europe & Central Asia],-0.026117867544934923,0.05025138491905805,0.6032418522584565,
RC10-2-B-VULN,VULN-Dealth Disasters (Inst. Model),C(REGION)[T.Latin America & Caribbean],0.15890163008783756,0.04959295103337775,0.001354772897333806,***
RC10-2-B-VULN,VULN-Dealth Disasters (Inst. Model),C(REGION)[T.Middle East & North Africa],0.11808740800145107,0.07356892017421149,0.10846601438058015,
RC10-2-B-VULN,VULN-Dealth Disasters (Inst. Model),C(REGION)[T.North America],0.12706920676349975,0.05495054305995825,0.020754076388717117,**
RC10-2-B-VULN,VULN-Dealth Disasters (Inst. Model),C(REGION)[T.South Asia],-0.2266872610722948,0.1087435263529574,0.03710520174049127,**
RC10-2-B-VULN,VULN-Dealth Disasters (Inst. Model),C(REGION)[T.Sub-Saharan Africa],-0.23711787654568958,0.057716144221256906,3.985031985460497e-05,***
RC10-2-B-VULN,VULN-Dealth Disasters (Inst. Model),C_POVERTY,-0.002618272196685231,0.0014758791778331217,0.07605614191415018,*
RC10-2-B-VULN,VULN-Dealth Disasters (Inst. Model),C_GOV_EFF,0.06641880062606415,0.021068806467214006,0.0016189492201830655,***
RC10-2-B-VULN,VULN-Dealth Disasters (Inst. Model),C_CDBQ,0.012008628733109676,0.00593611610522618,0.043075477484327385,**
RC10-2-B-VULN,VULN-Dealth Disasters (Inst. Model),C_log_DIS_EQK_DEATHS,0.00522474560498419,0.006523912328099107,0.4232122395942698,
RC10-2-B-VULN,VULN-Dealth Disasters (Inst. Model),C_log_DIS_STM_DEATHS,0.01455379199120519,0.007659520793380056,0.05742108492875835,*
RC10-2-B-VULN,VULN-Dealth Disasters (Inst. Model),C_log_DIS_FLD_DEATHS,-0.016483681213842402,0.008763393302297145,0.05997597949200824,*
RC10-2-B-VULN,,R-squared,0.6540060339387213,,,
RC10-2-B-VULN,,Adj. R-squared,0.6236999931158356,,,
RC10-2-B-VULN,,N,150.0,,,
RC10-2-B-ONLY,ONLY-Dealth Disasters (Inst. Model),Intercept,0.23178876639898954,0.05294219193886949,1.1969191086648783e-05,***
RC10-2-B-ONLY,ONLY-Dealth Disasters (Inst. Model),C(REGION)[T.Europe & Central Asia],0.18219440061224715,0.06639357785519628,0.006066651812734674,***
RC10-2-B-ONLY,ONLY-Dealth Disasters (Inst. Model),C(REGION)[T.Latin America & Caribbean],-0.10357162897856233,0.053178605523866905,0.051460644104408135,*
RC10-2-B-ONLY,ONLY-Dealth Disasters (Inst. Model),C(REGION)[T.Middle East & North Africa],0.2813498637780621,0.08790219950435246,0.0013708718644266603,***
RC10-2-B-ONLY,ONLY-Dealth Disasters (Inst. Model),C(REGION)[T.North America],-0.3335331181239212,0.07385756525747045,6.304946450895014e-06,***
RC10-2-B-ONLY,ONLY-Dealth Disasters (Inst. Model),C(REGION)[T.South Asia],0.07292047280663685,0.11593200513788109,0.5293533391134895,
RC10-2-B-ONLY,ONLY-Dealth Disasters (Inst. Model),C(REGION)[T.Sub-Saharan Africa],-0.039000807962535224,0.06029742957650916,0.5177567708818551,
RC10-2-B-ONLY,ONLY-Dealth Disasters (Inst. Model),C_POVERTY,-0.0018547840466893,0.0012111740247296285,0.12567216594528757,
RC10-2-B-ONLY,ONLY-Dealth Disasters (Inst. Model),C_GOV_EFF,0.0606595035749288,0.02070177787695911,0.0033878845588091685,***
RC10-2-B-ONLY,ONLY-Dealth Disasters (Inst. Model),C_CDBQ,0.010201654281509142,0.00551371512140587,0.0642800631405036,*
RC10-2-B-ONLY,ONLY-Dealth Disasters (Inst. Model),C_log_DIS_EQK_DEATHS,0.0009409894906541674,0.00682452785726738,0.890332525232602,
RC10-2-B-ONLY,ONLY-Dealth Disasters (Inst. Model),C_log_DIS_STM_DEATHS,0.0036513169133785914,0.006810021374355547,0.591842307890275,
RC10-2-B-ONLY,ONLY-Dealth Disasters (Inst. Model),C_log_DIS_FLD_DEATHS,0.0018766696008930884,0.0077669474970893755,0.8090726532520471,
RC10-2-B-ONLY,,R-squared,0.5889869095829574,,,
RC10-2-B-ONLY,,Adj. R-squared,0.5529857629770851,,,
RC10-2-B-ONLY,,N,150.0,,,
RC11-A-MPI,Alt DV: MPI Housing (GDP Model),Intercept,92.94718937381256,3.0873526861448157,4.069623813915066e-199,***
RC11-A-MPI,Alt DV: MPI Housing (GDP Model),C(REGION)[T.Europe & Central Asia],1.4044944840925062,4.333366712589374,0.7458535335981913,
RC11-A-MPI,Alt DV: MPI Housing (GDP Model),C(REGION)[T.Latin America & Caribbean],0.1393418414887435,3.1785570960550826,0.9650334724896422,
RC11-A-MPI,Alt DV: MPI Housing (GDP Model),C(REGION)[T.Middle East & North Africa],8.07778663823217,3.71098639668715,0.029501297569958593,**
RC11-A-MPI,Alt DV: MPI Housing (GDP Model),C(REGION)[T.North America],2.0787938021482274e-14,5.5626610764755534e-15,0.0001861925152669797,***
RC11-A-MPI,Alt DV: MPI Housing (GDP Model),C(REGION)[T.South Asia],0.47909295042734357,3.9732428761062777,0.9040238456097578,
RC11-A-MPI,Alt DV: MPI Housing (GDP Model),C(REGION)[T.Sub-Saharan Africa],-3.8924753589253918,4.90657161420755,0.42759212356712417,
RC11-A-MPI,Alt DV: MPI Housing (GDP Model),C_POVERTY,-0.22165521118349696,0.16156328146257162,0.17008195727839526,
RC11-A-MPI,Alt DV: MPI Housing (GDP Model),C_log_GDP,15.31094148738958,2.4014124163999506,1.8200230960441162e-10,***
RC11-A-MPI,Alt DV: MPI Housing (GDP Model),C_log_DIS_EQK,3.0955973570362656,1.4928618989582916,0.03811654224561442,**
RC11-A-MPI,Alt DV: MPI Housing (GDP Model),C_log_DIS_STM,1.9219008603535892,1.1109547289404504,0.08363844860668587,*
RC11-A-MPI,Alt DV: MPI Housing (GDP Model),C_log_DIS_FLD,-4.791141711312439,1.3565397278068787,0.0004126094460713817,***
RC11-A-MPI,,R-squared,0.7865794052356453,,,
RC11-A-MPI,,Adj. R-squared,0.760231183659799,,,
RC11-A-MPI,,N,92.0,,,
RC11-B-MPI,Alt DV: MPI Housing (Inst. Model),Intercept,84.80748137017176,3.042605820658685,5.622233722249813e-171,***
RC11-B-MPI,Alt DV: MPI Housing (Inst. Model),C(REGION)[T.Europe & Central Asia],11.732636888949214,3.95987390247479,0.003047739344890671,***
RC11-B-MPI,Alt DV: MPI Housing (Inst. Model),C(REGION)[T.Latin America & Caribbean],9.44919345229615,3.2273210349410575,0.0034128692545917815,***
RC11-B-MPI,Alt DV: MPI Housing (Inst. Model),C(REGION)[T.Middle East & North Africa],15.023031929431978,4.544760740127263,0.0009478289135158079,***
RC11-B-MPI,Alt DV: MPI Housing (Inst. Model),C(REGION)[T.North America],1.897585179438998e-15,8.124786685598878e-16,0.019514666956316037,**
RC11-B-MPI,Alt DV: MPI Housing (Inst. Model),C(REGION)[T.South Asia],-0.3998772350668105,3.9689921433679896,0.9197486636689883,
RC11-B-MPI,Alt DV: MPI Housing (Inst. Model),C(REGION)[T.Sub-Saharan Africa],-1.8009691080133727,5.303055590297132,0.7341504737652367,
RC11-B-MPI,Alt DV: MPI Housing (Inst. Model),C_POVERTY,-0.6839833857774766,0.16029833818149464,1.981724592942745e-05,***
RC11-B-MPI,Alt DV: MPI Housing (Inst. Model),C_GOV_EFF,9.444615565642934,2.582161126538406,0.00025454832742120154,***
RC11-B-MPI,Alt DV: MPI Housing (Inst. Model),C_CDBQ,-0.5576047555418546,0.5469465814241792,0.30797197266486864,
RC11-B-MPI,Alt DV: MPI Housing (Inst. Model),C_log_DIS_EQK,2.2048840111846006,1.687873756640073,0.1914476322550609,
RC11-B-MPI,Alt DV: MPI Housing (Inst. Model),C_log_DIS_STM,2.078338354417456,1.3536005426912505,0.1246819619082715,
RC11-B-MPI,Alt DV: MPI Housing (Inst. Model),C_log_DIS_FLD,-2.6780946176567575,1.6451271898620323,0.10354711430386243,
RC11-B-MPI,,R-squared,0.7077517797453351,,,
RC11-B-MPI,,Adj. R-squared,0.6675676494603187,,,
RC11-B-MPI,,N,92.0,,,
RC11-2-A-VULN,Alt DV: VULN-Unit weighted (GDP Model),Intercept,0.4206745259176304,0.046269456018361646,9.737624394699875e-20,***
RC11-2-A-VULN,Alt DV: VULN-Unit weighted (GDP Model),C(REGION)[T.Europe & Central Asia],0.0864475590683764,0.0599150525673591,0.1490668433186249,
RC11-2-A-VULN,Alt DV: VULN-Unit weighted (GDP Model),C(REGION)[T.Latin America & Caribbean],0.0728798179261565,0.0654808838098636,0.2657110907949264,
RC11-2-A-VULN,Alt DV: VULN-Unit weighted (GDP Model),C(REGION)[T.Middle East & North Africa],0.1978496698740639,0.0911720898116892,0.030001665628070905,**
RC11-2-A-VULN,Alt DV: VULN-Unit weighted (GDP Model),C(REGION)[T.North America],-0.1628415709272746,0.3832421946463777,0.6709058416896885,
RC11-2-A-VULN,Alt DV: VULN-Unit weighted (GDP Model),C(REGION)[T.South Asia],-0.27300265347107494,0.06465844540961678,2.4189997922283187e-05,***
RC11-2-A-VULN,Alt DV: VULN-Unit weighted (GDP Model),C(REGION)[T.Sub-Saharan Africa],-0.12049078301367139,0.06557831124385755,0.06615717927306095,*
RC11-2-A-VULN,Alt DV: VULN-Unit weighted (GDP Model),C_POVERTY,-0.00037836366500524417,0.001929971396833766,0.844573961977256,
RC11-2-A-VULN,Alt DV: VULN-Unit weighted (GDP Model),C_log_GDP,0.08800359614531982,0.02622846052921372,0.0007928723639024963,***
RC11-2-A-VULN,Alt DV: VULN-Unit weighted (GDP Model),C_log_DIS_EQK,0.04458216877717802,0.023987439305035326,0.06308909614605057,*
RC11-2-A-VULN,Alt DV: VULN-Unit weighted (GDP Model),C_log_DIS_STM,0.025746306368458066,0.01942318224746313,0.18499038182007488,
RC11-2-A-VULN,Alt DV: VULN-Unit weighted (GDP Model),C_log_DIS_FLD,-0.033991058967027005,0.018209974271699365,0.061955004210707966,*
RC11-2-A-VULN,,R-squared,0.5550985724929476,,,
RC11-2-A-VULN,,Adj. R-squared,0.5196354152278927,,,
RC11-2-A-VULN,,N,150.0,,,
RC11-2-A-ONLY,Alt DV: ONLY-Unit weighted (GDP Model),Intercept,0.16369254461995145,0.037720433758683475,1.4272593797492886e-05,***
RC11-2-A-ONLY,Alt DV: ONLY-Unit weighted (GDP Model),C(REGION)[T.Europe & Central Asia],0.21642471336521757,0.054417827071518515,6.976313269926057e-05,***
RC11-2-A-ONLY,Alt DV: ONLY-Unit weighted (GDP Model),C(REGION)[T.Latin America & Caribbean],-0.09521379201877776,0.041541354034722554,0.021904242229719144,**
RC11-2-A-ONLY,Alt DV: ONLY-Unit weighted (GDP Model),C(REGION)[T.Middle East & North Africa],0.294493034190458,0.09035918595761708,0.001117513926336037,***
RC11-2-A-ONLY,Alt DV: ONLY-Unit weighted (GDP Model),C(REGION)[T.North America],-0.25289736803082685,0.09599695550111051,0.008427839902829574,***
RC11-2-A-ONLY,Alt DV: ONLY-Unit weighted (GDP Model),C(REGION)[T.South Asia],-0.041032928997903555,0.053567739857040074,0.4436758549066909,
RC11-2-A-ONLY,Alt DV: ONLY-Unit weighted (GDP Model),C(REGION)[T.Sub-Saharan Africa],0.0005455004867342991,0.0465097938726493,0.9906420475930193,
RC11-2-A-ONLY,Alt DV: ONLY-Unit weighted (GDP Model),C_POVERTY,0.0010825033746687347,0.0015902773803075023,0.49606071475641844,
RC11-2-A-ONLY,Alt DV: ONLY-Unit weighted (GDP Model),C_log_GDP,0.08437822139887412,0.026026786577914775,0.0011870395515148951,***
RC11-2-A-ONLY,Alt DV: ONLY-Unit weighted (GDP Model),C_log_DIS_EQK,0.03214395685818214,0.018932496000493446,0.08954187457497359,*
RC11-2-A-ONLY,Alt DV: ONLY-Unit weighted (GDP Model),C_log_DIS_STM,0.010640035157871087,0.012899857911779672,0.40947491906353417,
RC11-2-A-ONLY,Alt DV: ONLY-Unit weighted (GDP Model),C_log_DIS_FLD,-0.02152452954185845,0.014251168544390796,0.13094918040169104,
RC11-2-A-ONLY,,R-squared,0.6526567841301034,,,
RC11-2-A-ONLY,,Adj. R-squared,0.6249700060535175,,,
RC11-2-A-ONLY,,N,150.0,,,
RC11-2-B-VULN,Alt DV: VULN-Unit weighted (Inst. Model),Intercept,0.39572876960725256,0.044095015680527753,2.847559186723087e-19,***
RC11-2-B-VULN,Alt DV: VULN-Unit weighted (Inst. Model),C(REGION)[T.Europe & Central Asia],0.12918067368046082,0.055025689657472,0.018892620837512142,**
RC11-2-B-VULN,Alt DV: VULN-Unit weighted (Inst. Model),C(REGION)[T.Latin America & Caribbean],0.1337621234195592,0.06473478927356724,0.038799245494751666,**
RC11-2-B-VULN,Alt DV: VULN-Unit weighted (Inst. Model),C(REGION)[T.Middle East & North Africa],0.22402771894022222,0.09024788122382574,0.013051538969063496,**
RC11-2-B-VULN,Alt DV: VULN-Unit weighted (Inst. Model),C(REGION)[T.North America],-0.14446105544006912,0.35645679012516185,0.6852794431568809,
RC11-2-B-VULN,Alt DV: VULN-Unit weighted (Inst. Model),C(REGION)[T.South Asia],-0.28531738016771585,0.05407077250364937,1.3150262479054315e-07,***
RC11-2-B-VULN,Alt DV: VULN-Unit weighted (Inst. Model),C(REGION)[T.Sub-Saharan Africa],-0.11811898391296985,0.06181725451876397,0.05603325342401766,*
RC11-2-B-VULN,Alt DV: VULN-Unit weighted (Inst. Model),C_POVERTY,-0.002067973400323512,0.0015515724210545608,0.18258947474080567,
RC11-2-B-VULN,Alt DV: VULN-Unit weighted (Inst. Model),C_GOV_EFF,0.0706983948561132,0.024518117646081895,0.003932621422071554,***
RC11-2-B-VULN,Alt DV: VULN-Unit weighted (Inst. Model),C_CDBQ,0.009573055914018585,0.006770168737183016,0.15736028398114565,
RC11-2-B-VULN,Alt DV: VULN-Unit weighted (Inst. Model),C_log_DIS_EQK,0.03477360062091238,0.024366562666237098,0.15355013765426395,
RC11-2-B-VULN,Alt DV: VULN-Unit weighted (Inst. Model),C_log_DIS_STM,0.0273236316069399,0.01839635223923864,0.13747114218374965,
RC11-2-B-VULN,Alt DV: VULN-Unit weighted (Inst. Model),C_log_DIS_FLD,-0.03151494680143505,0.0205555104930893,0.12523571417609797,
RC11-2-B-VULN,,R-squared,0.5627903496416936,,,
RC11-2-B-VULN,,Adj. R-squared,0.5244946138438857,,,
RC11-2-B-VULN,,N,150.0,,,
RC11-2-B-ONLY,Alt DV: ONLY-Unit weighted (Inst. Model),Intercept,0.1333772178581352,0.03763358420838379,0.0003939545182480654,***
RC11-2-B-ONLY,Alt DV: ONLY-Unit weighted (Inst. Model),C(REGION)[T.Europe & Central Asia],0.27072614651603794,0.05003383874344526,6.272244587156191e-08,***
RC11-2-B-ONLY,Alt DV: ONLY-Unit weighted (Inst. Model),C(REGION)[T.Latin America & Caribbean],-0.04044694575882325,0.04056837282546583,0.3187611831145708,
RC11-2-B-ONLY,Alt DV: ONLY-Unit weighted (Inst. Model),C(REGION)[T.Middle East & North Africa],0.33189404853937754,0.0857120797044864,0.00010785876656223111,***
RC11-2-B-ONLY,Alt DV: ONLY-Unit weighted (Inst. Model),C(REGION)[T.North America],-0.21989157067978235,0.08231185775594346,0.007552553077070606,***
RC11-2-B-ONLY,Alt DV: ONLY-Unit weighted (Inst. Model),C(REGION)[T.South Asia],-0.05285721151743655,0.04947393707633912,0.2853468872435473,
RC11-2-B-ONLY,Alt DV: ONLY-Unit weighted (Inst. Model),C(REGION)[T.Sub-Saharan Africa],0.009383367786164299,0.04601843567763156,0.8384281001326752,
RC11-2-B-ONLY,Alt DV: ONLY-Unit weighted (Inst. Model),C_POVERTY,-0.0010223748802109353,0.0011910538315581395,0.39068355173933034,
RC11-2-B-ONLY,Alt DV: ONLY-Unit weighted (Inst. Model),C_GOV_EFF,0.06048031094093655,0.02252853304966005,0.0072614620476437715,***
RC11-2-B-ONLY,Alt DV: ONLY-Unit weighted (Inst. Model),C_CDBQ,0.005666618258265342,0.0048474338207632,0.24240628096267036,
RC11-2-B-ONLY,Alt DV: ONLY-Unit weighted (Inst. Model),C_log_DIS_EQK,0.024596334390156842,0.020152366593625386,0.22226841569809297,
RC11-2-B-ONLY,Alt DV: ONLY-Unit weighted (Inst. Model),C_log_DIS_STM,0.013755282413842142,0.012652322619433595,0.27695970169362105,
RC11-2-B-ONLY,Alt DV: ONLY-Unit weighted (Inst. Model),C_log_DIS_FLD,-0.017485148785625196,0.015610278708479029,0.26266908699105196,
RC11-2-B-ONLY,,R-squared,0.6456626326501433,,,
RC11-2-B-ONLY,,Adj. R-squared,0.6146257829552655,,,
RC11-2-B-ONLY,,N,150.0,,,
RC12-A-SUB-VULN,"VULN-Exclude Sub-Saharan Africa (GDP, n=109)",Intercept,0.5402164249224761,0.03805364273160257,9.674186700059543e-46,***
RC12-A-SUB-VULN,"VULN-Exclude Sub-Saharan Africa (GDP, n=109)",C(REGION)[T.Europe & Central Asia],-0.08531849000107979,0.05658431736678202,0.1316027528908378,
RC12-A-SUB-VULN,"VULN-Exclude Sub-Saharan Africa (GDP, n=109)",C(REGION)[T.Latin America & Caribbean],0.09474646850085222,0.046841828072591095,0.043105181802876,**
RC12-A-SUB-VULN,"VULN-Exclude Sub-Saharan Africa (GDP, n=109)",C(REGION)[T.Middle East & North Africa],0.07084552666218033,0.07573076894534181,0.34953481675887343,
RC12-A-SUB-VULN,"VULN-Exclude Sub-Saharan Africa (GDP, n=109)",C(REGION)[T.North America],0.1560667550743839,0.10874657103841849,0.1512466802053926,
RC12-A-SUB-VULN,"VULN-Exclude Sub-Saharan Africa (GDP, n=109)",C(REGION)[T.South Asia],-0.23128856087187186,0.09244755813580391,0.01235513999507429,**
RC12-A-SUB-VULN,"VULN-Exclude Sub-Saharan Africa (GDP, n=109)",C(REGION)[T.Sub-Saharan Africa],6.214086722698293e-17,1.5549185961525994e-17,6.431127619131552e-05,***
RC12-A-SUB-VULN,"VULN-Exclude Sub-Saharan Africa (GDP, n=109)",C_POVERTY,-0.011476840809591972,0.004366014822570879,0.008571784623545088,***
RC12-A-SUB-VULN,"VULN-Exclude Sub-Saharan Africa (GDP, n=109)",C_log_GDP,0.06617611880699299,0.0348130731822158,0.057315307810550616,*
RC12-A-SUB-VULN,"VULN-Exclude Sub-Saharan Africa (GDP, n=109)",C_log_DIS_EQK,0.08221561141588518,0.019254122682572077,1.9544986509245446e-05,***
RC12-A-SUB-VULN,"VULN-Exclude Sub-Saharan Africa (GDP, n=109)",C_log_DIS_STM,0.012389260087757838,0.02068001673811916,0.5491106494448761,
RC12-A-SUB-VULN,"VULN-Exclude Sub-Saharan Africa (GDP, n=109)",C_log_DIS_FLD,-0.05492403951093422,0.020871732486771287,0.00850079625256304,***
RC12-A-SUB-VULN,,R-squared,0.3865986439523459,,,
RC12-A-SUB-VULN,,Adj. R-squared,0.3240066688454425,,,
RC12-A-SUB-VULN,,N,109.0,,,
RC12-A-SUB-ONLY,"ONLY-Exclude Sub-Saharan Africa (GDP, n=109)",Intercept,0.23110882467333405,0.054419190829637636,2.1682038757044276e-05,***
RC12-A-SUB-ONLY,"ONLY-Exclude Sub-Saharan Africa (GDP, n=109)",C(REGION)[T.Europe & Central Asia],0.09549343321130971,0.07772215088388652,0.21920251721299555,
RC12-A-SUB-ONLY,"ONLY-Exclude Sub-Saharan Africa (GDP, n=109)",C(REGION)[T.Latin America & Caribbean],-0.16293151838885517,0.06251951222254096,0.009158221103176363,***
RC12-A-SUB-ONLY,"ONLY-Exclude Sub-Saharan Africa (GDP, n=109)",C(REGION)[T.Middle East & North Africa],0.23971888421821957,0.09573377216983156,0.012279252836233472,**
RC12-A-SUB-ONLY,"ONLY-Exclude Sub-Saharan Africa (GDP, n=109)",C(REGION)[T.North America],-0.36603446283269947,0.09568258586005346,0.00013050288901671325,***
RC12-A-SUB-ONLY,"ONLY-Exclude Sub-Saharan Africa (GDP, n=109)",C(REGION)[T.South Asia],0.11128294308178437,0.10360567590974275,0.28277749003640873,
RC12-A-SUB-ONLY,"ONLY-Exclude Sub-Saharan Africa (GDP, n=109)",C(REGION)[T.Sub-Saharan Africa],-9.39108692886818e-18,1.8937376792974816e-17,0.619963409625736,
RC12-A-SUB-ONLY,"ONLY-Exclude Sub-Saharan Africa (GDP, n=109)",C_POVERTY,-0.004356907869437664,0.005841000259852418,0.4557168851315889,
RC12-A-SUB-ONLY,"ONLY-Exclude Sub-Saharan Africa (GDP, n=109)",C_log_GDP,0.10407717682707465,0.0392753837887242,0.008050748448654957,***
RC12-A-SUB-ONLY,"ONLY-Exclude Sub-Saharan Africa (GDP, n=109)",C_log_DIS_EQK,0.055399427482904315,0.022433879111833015,0.013531949992558337,**
RC12-A-SUB-ONLY,"ONLY-Exclude Sub-Saharan Africa (GDP, n=109)",C_log_DIS_STM,0.00030989568816029885,0.01858743801269936,0.9866980306636054,
RC12-A-SUB-ONLY,"ONLY-Exclude Sub-Saharan Africa (GDP, n=109)",C_log_DIS_FLD,-0.030124276569257744,0.020153994028341542,0.13499143682475737,
RC12-A-SUB-ONLY,,R-squared,0.5515713251253196,,,
RC12-A-SUB-ONLY,,Adj. R-squared,0.5058132970768829,,,
RC12-A-SUB-ONLY,,N,109.0,,,
RC12-B-SUB-VULN,"VULN-Exclude Sub-Saharan Africa (Inst., n=109)",Intercept,0.5221000213375939,0.035818716040777215,3.981875329134462e-48,***
RC12-B-SUB-VULN,"VULN-Exclude Sub-Saharan Africa (Inst., n=109)",C(REGION)[T.Europe & Central Asia],-0.0459599913023819,0.051206139547101674,0.3694263310464341,
RC12-B-SUB-VULN,"VULN-Exclude Sub-Saharan Africa (Inst., n=109)",C(REGION)[T.Latin America & Caribbean],0.14345014352592203,0.046513125330334144,0.0020418350920350338,***
RC12-B-SUB-VULN,"VULN-Exclude Sub-Saharan Africa (Inst., n=109)",C(REGION)[T.Middle East & North Africa],0.10464340710797664,0.07844060094053536,0.18218862612225906,
RC12-B-SUB-VULN,"VULN-Exclude Sub-Saharan Africa (Inst., n=109)",C(REGION)[T.North America],0.16804971863747853,0.08932054969298216,0.05991442786198716,*
RC12-B-SUB-VULN,"VULN-Exclude Sub-Saharan Africa (Inst., n=109)",C(REGION)[T.South Asia],-0.2403349635899178,0.08361655802273185,0.0040498715186576785,***
RC12-B-SUB-VULN,"VULN-Exclude Sub-Saharan Africa (Inst., n=109)",C(REGION)[T.Sub-Saharan Africa],6.134494663442935e-16,2.4978389343493983e-16,0.014052411284177595,**
RC12-B-SUB-VULN,"VULN-Exclude Sub-Saharan Africa (Inst., n=109)",C_POVERTY,-0.011870645266764415,0.004326403975394514,0.006073859726718391,***
RC12-B-SUB-VULN,"VULN-Exclude Sub-Saharan Africa (Inst., n=109)",C_GOV_EFF,0.06251979384682686,0.02716091239707602,0.0213447800019687,**
RC12-B-SUB-VULN,"VULN-Exclude Sub-Saharan Africa (Inst., n=109)",C_CDBQ,0.004701805317212192,0.007798628593293826,0.5465741804867373,
RC12-B-SUB-VULN,"VULN-Exclude Sub-Saharan Africa (Inst., n=109)",C_log_DIS_EQK,0.0740051589266938,0.018923564812901507,9.201343583870927e-05,***
RC12-B-SUB-VULN,"VULN-Exclude Sub-Saharan Africa (Inst., n=109)",C_log_DIS_STM,0.00891877210875816,0.01900833007831925,0.6389242927594758,
RC12-B-SUB-VULN,"VULN-Exclude Sub-Saharan Africa (Inst., n=109)",C_log_DIS_FLD,-0.04368100805459418,0.02309845982616604,0.058613823926093774,*
RC12-B-SUB-VULN,,R-squared,0.3987752693311353,,,
RC12-B-SUB-VULN,,Adj. R-squared,0.33059514523466604,,,
RC12-B-SUB-VULN,,N,109.0,,,
RC12-B-SUB-ONLY,"ONLY-Exclude Sub-Saharan Africa (Inst., n=109)",Intercept,0.2080257607821331,0.05556361331803757,0.0001811708705431699,***
RC12-B-SUB-ONLY,"ONLY-Exclude Sub-Saharan Africa (Inst., n=109)",C(REGION)[T.Europe & Central Asia],0.1520057394634318,0.07493820885296469,0.042517975021832584,**
RC12-B-SUB-ONLY,"ONLY-Exclude Sub-Saharan Africa (Inst., n=109)",C(REGION)[T.Latin America & Caribbean],-0.1075525178949599,0.06371725526786713,0.09141788418059481,*
RC12-B-SUB-ONLY,"ONLY-Exclude Sub-Saharan Africa (Inst., n=109)",C(REGION)[T.Middle East & North Africa],0.2534682502773018,0.09449636417372297,0.0073116347712591815,***
RC12-B-SUB-ONLY,"ONLY-Exclude Sub-Saharan Africa (Inst., n=109)",C(REGION)[T.North America],-0.32206032545895097,0.08767037809844211,0.00023921657842069708,***
RC12-B-SUB-ONLY,"ONLY-Exclude Sub-Saharan Africa (Inst., n=109)",C(REGION)[T.South Asia],0.08160690703273349,0.10015733382970225,0.4151941664799039,
RC12-B-SUB-ONLY,"ONLY-Exclude Sub-Saharan Africa (Inst., n=109)",C(REGION)[T.Sub-Saharan Africa],-9.195247870021439e-16,2.2259805010683663e-16,3.613845863964593e-05,***
RC12-B-SUB-ONLY,"ONLY-Exclude Sub-Saharan Africa (Inst., n=109)",C_POVERTY,-0.007262366525438212,0.005677519365448692,0.20084624659566908,
RC12-B-SUB-ONLY,"ONLY-Exclude Sub-Saharan Africa (Inst., n=109)",C_GOV_EFF,0.05394867602901316,0.027460955514693977,0.04946526446574467,**
RC12-B-SUB-ONLY,"ONLY-Exclude Sub-Saharan Africa (Inst., n=109)",C_CDBQ,0.0121696517540641,0.007591429435161393,0.10891748569253763,
RC12-B-SUB-ONLY,"ONLY-Exclude Sub-Saharan Africa (Inst., n=109)",C_log_DIS_EQK,0.03920864080678949,0.025129888317228132,0.11870332803577364,
RC12-B-SUB-ONLY,"ONLY-Exclude Sub-Saharan Africa (Inst., n=109)",C_log_DIS_STM,0.002762664597556345,0.018982966457293637,0.8842893749757762,
RC12-B-SUB-ONLY,"ONLY-Exclude Sub-Saharan Africa (Inst., n=109)",C_log_DIS_FLD,-0.024426692736318097,0.021874850596518735,0.26414125063247906,
RC12-B-SUB-ONLY,,R-squared,0.5331859540916373,,,
RC12-B-SUB-ONLY,,Adj. R-squared,0.4802482787824415,,,
RC12-B-SUB-ONLY,,N,109.0,,,
RC12-A-EUR-VULN,"VULN-Exclude Europe & Central Asia (GDP, n=106)",Intercept,0.5760284427295618,0.041916689569016646,5.670847429517348e-43,***
RC12-A-EUR-VULN,"VULN-Exclude Europe & Central Asia (GDP, n=106)",C(REGION)[T.Europe & Central Asia],-2.3979631108647366e-15,1.0752446167140721e-15,0.025737095740171988,**
RC12-A-EUR-VULN,"VULN-Exclude Europe & Central Asia (GDP, n=106)",C(REGION)[T.Latin America & Caribbean],0.10806319482780796,0.0492409705316263,0.02819381865734096,**
RC12-A-EUR-VULN,"VULN-Exclude Europe & Central Asia (GDP, n=106)",C(REGION)[T.Middle East & North Africa],0.11763753416095087,0.07955852434443608,0.1392395215778861,
RC12-A-EUR-VULN,"VULN-Exclude Europe & Central Asia (GDP, n=106)",C(REGION)[T.North America],0.08670219391457644,0.11505772206458847,0.45111714129024694,
RC12-A-EUR-VULN,"VULN-Exclude Europe & Central Asia (GDP, n=106)",C(REGION)[T.South Asia],-0.2040396721508211,0.1048873048659859,0.05173613215996725,*
RC12-A-EUR-VULN,"VULN-Exclude Europe & Central Asia (GDP, n=106)",C(REGION)[T.Sub-Saharan Africa],-0.20087049190659298,0.06769476245040956,0.003004302171255631,***
RC12-A-EUR-VULN,"VULN-Exclude Europe & Central Asia (GDP, n=106)",C_POVERTY,-0.000243029385257179,0.0018427900192879258,0.8950782477279778,
RC12-A-EUR-VULN,"VULN-Exclude Europe & Central Asia (GDP, n=106)",C_log_GDP,0.10355012422883277,0.02418310320343704,1.8528722340200634e-05,***
RC12-A-EUR-VULN,"VULN-Exclude Europe & Central Asia (GDP, n=106)",C_log_DIS_EQK,0.05224469581098371,0.02056678477845689,0.011077447623669353,**
RC12-A-EUR-VULN,"VULN-Exclude Europe & Central Asia (GDP, n=106)",C_log_DIS_STM,0.031648787810211736,0.01951115786811467,0.10478480601832492,
RC12-A-EUR-VULN,"VULN-Exclude Europe & Central Asia (GDP, n=106)",C_log_DIS_FLD,-0.03883066428224691,0.020608887085382416,0.059541869258719314,*
RC12-A-EUR-VULN,,R-squared,0.7410749591024817,,,
RC12-A-EUR-VULN,,Adj. R-squared,0.7138196916395849,,,
RC12-A-EUR-VULN,,N,106.0,,,
RC12-A-EUR-ONLY,"ONLY-Exclude Europe & Central Asia (GDP, n=106)",Intercept,0.2488641437898968,0.05269959772058458,2.331742258855252e-06,***
RC12-A-EUR-ONLY,"ONLY-Exclude Europe & Central Asia (GDP, n=106)",C(REGION)[T.Europe & Central Asia],-2.1670042500826233e-15,1.4152039390824063e-15,0.12571229306023476,
RC12-A-EUR-ONLY,"ONLY-Exclude Europe & Central Asia (GDP, n=106)",C(REGION)[T.Latin America & Caribbean],-0.1577941147889569,0.05527066249654765,0.00430457213063274,***
RC12-A-EUR-ONLY,"ONLY-Exclude Europe & Central Asia (GDP, n=106)",C(REGION)[T.Middle East & North Africa],0.2785964284493748,0.09122030545886142,0.002257327503856719,***
RC12-A-EUR-ONLY,"ONLY-Exclude Europe & Central Asia (GDP, n=106)",C(REGION)[T.North America],-0.40094895544913733,0.1108170020776304,0.000296753456040214,***
RC12-A-EUR-ONLY,"ONLY-Exclude Europe & Central Asia (GDP, n=106)",C(REGION)[T.South Asia],0.0912048648935706,0.12179918034113468,0.45396964964662245,
RC12-A-EUR-ONLY,"ONLY-Exclude Europe & Central Asia (GDP, n=106)",C(REGION)[T.Sub-Saharan Africa],-0.022115413624816515,0.056158424408667904,0.6937257318141747,
RC12-A-EUR-ONLY,"ONLY-Exclude Europe & Central Asia (GDP, n=106)",C_POVERTY,0.0002710207184218298,0.0017947205028354363,0.8799678383662014,
RC12-A-EUR-ONLY,"ONLY-Exclude Europe & Central Asia (GDP, n=106)",C_log_GDP,0.09547237612783363,0.03315037530689115,0.003977019872026842,***
RC12-A-EUR-ONLY,"ONLY-Exclude Europe & Central Asia (GDP, n=106)",C_log_DIS_EQK,0.019972800653693196,0.025113788385308523,0.42644353495309484,
RC12-A-EUR-ONLY,"ONLY-Exclude Europe & Central Asia (GDP, n=106)",C_log_DIS_STM,0.006720407702519334,0.017223964985102473,0.6964051219405984,
RC12-A-EUR-ONLY,"ONLY-Exclude Europe & Central Asia (GDP, n=106)",C_log_DIS_FLD,0.011406756451413822,0.019822292736136025,0.5649863796481075,
RC12-A-EUR-ONLY,,R-squared,0.5616376519043951,,,
RC12-A-EUR-ONLY,,Adj. R-squared,0.5154942468416998,,,
RC12-A-EUR-ONLY,,N,106.0,,,
RC12-B-EUR-VULN,"VULN-Exclude Europe & Central Asia (Inst., n=106)",Intercept,0.5411555193168412,0.03970071762074806,2.6241497262715975e-42,***
RC12-B-EUR-VULN,"VULN-Exclude Europe & Central Asia (Inst., n=106)",C(REGION)[T.Europe & Central Asia],-5.437570479761752e-16,2.1208288686249168e-16,0.01035065461884791,**
RC12-B-EUR-VULN,"VULN-Exclude Europe & Central Asia (Inst., n=106)",C(REGION)[T.Latin America & Caribbean],0.1866248819077916,0.04604308109885702,5.0507392342074806e-05,***
RC12-B-EUR-VULN,"VULN-Exclude Europe & Central Asia (Inst., n=106)",C(REGION)[T.Middle East & North Africa],0.1629231907608183,0.079456472987208,0.04031849442504159,**
RC12-B-EUR-VULN,"VULN-Exclude Europe & Central Asia (Inst., n=106)",C(REGION)[T.North America],0.11213719960951711,0.0882513573005708,0.20385072072068466,
RC12-B-EUR-VULN,"VULN-Exclude Europe & Central Asia (Inst., n=106)",C(REGION)[T.South Asia],-0.2081174412159271,0.08886759544947737,0.01918676899513491,**
RC12-B-EUR-VULN,"VULN-Exclude Europe & Central Asia (Inst., n=106)",C(REGION)[T.Sub-Saharan Africa],-0.19072983791731027,0.062407384423067494,0.0022415700919625257,***
RC12-B-EUR-VULN,"VULN-Exclude Europe & Central Asia (Inst., n=106)",C_POVERTY,-0.0019170662619713544,0.0015254659009832714,0.20885913837526693,
RC12-B-EUR-VULN,"VULN-Exclude Europe & Central Asia (Inst., n=106)",C_GOV_EFF,0.09715606469149932,0.024596577296732952,7.815671076187747e-05,***
RC12-B-EUR-VULN,"VULN-Exclude Europe & Central Asia (Inst., n=106)",C_CDBQ,0.008227590386240213,0.006214126250132786,0.18549838270326457,
RC12-B-EUR-VULN,"VULN-Exclude Europe & Central Asia (Inst., n=106)",C_log_DIS_EQK,0.04515388972067223,0.01955584856192578,0.020945183414637542,**
RC12-B-EUR-VULN,"VULN-Exclude Europe & Central Asia (Inst., n=106)",C_log_DIS_STM,0.030949617473756283,0.017499287723831785,0.07695705108521446,*
RC12-B-EUR-VULN,"VULN-Exclude Europe & Central Asia (Inst., n=106)",C_log_DIS_FLD,-0.037157131536535916,0.021393206084992105,0.08241083214320682,*
RC12-B-EUR-VULN,,R-squared,0.7582270180319852,,,
RC12-B-EUR-VULN,,Adj. R-squared,0.7299344350357282,,,
RC12-B-EUR-VULN,,N,106.0,,,
RC12-B-EUR-ONLY,"ONLY-Exclude Europe & Central Asia (Inst., n=106)",Intercept,0.2340766793244183,0.04898462709912774,1.765425403786105e-06,***
RC12-B-EUR-ONLY,"ONLY-Exclude Europe & Central Asia (Inst., n=106)",C(REGION)[T.Europe & Central Asia],7.879325343624686e-16,1.4959332119555622e-16,1.3854753584561815e-07,***
RC12-B-EUR-ONLY,"ONLY-Exclude Europe & Central Asia (Inst., n=106)",C(REGION)[T.Latin America & Caribbean],-0.10638934362655324,0.0505115732619589,0.035183772228913134,**
RC12-B-EUR-ONLY,"ONLY-Exclude Europe & Central Asia (Inst., n=106)",C(REGION)[T.Middle East & North Africa],0.2711573497089599,0.08485370657976277,0.001395470004294645,***
RC12-B-EUR-ONLY,"ONLY-Exclude Europe & Central Asia (Inst., n=106)",C(REGION)[T.North America],-0.34163248019440645,0.098298578213525,0.0005099837744618591,***
RC12-B-EUR-ONLY,"ONLY-Exclude Europe & Central Asia (Inst., n=106)",C(REGION)[T.South Asia],0.06709660138156996,0.11390438633734916,0.5558205328867949,
RC12-B-EUR-ONLY,"ONLY-Exclude Europe & Central Asia (Inst., n=106)",C(REGION)[T.Sub-Saharan Africa],-0.041034298776934784,0.055215140526702865,0.4573780753629332,
RC12-B-EUR-ONLY,"ONLY-Exclude Europe & Central Asia (Inst., n=106)",C_POVERTY,-0.0019639881687097856,0.001312697994329189,0.13461555032456302,
RC12-B-EUR-ONLY,"ONLY-Exclude Europe & Central Asia (Inst., n=106)",C_GOV_EFF,0.044060290793573945,0.02826242586477237,0.11900334060788863,
RC12-B-EUR-ONLY,"ONLY-Exclude Europe & Central Asia (Inst., n=106)",C_CDBQ,0.014363425746631148,0.0053785762139338805,0.007574097352575866,***
RC12-B-EUR-ONLY,"ONLY-Exclude Europe & Central Asia (Inst., n=106)",C_log_DIS_EQK,0.011973052557480834,0.025121092178699116,0.6336373432012461,
RC12-B-EUR-ONLY,"ONLY-Exclude Europe & Central Asia (Inst., n=106)",C_log_DIS_STM,0.006582519239282421,0.017240154835522176,0.7025999032500084,
RC12-B-EUR-ONLY,"ONLY-Exclude Europe & Central Asia (Inst., n=106)",C_log_DIS_FLD,0.004017153946586588,0.02137426295143134,0.8509209364498476,
RC12-B-EUR-ONLY,,R-squared,0.5547332051694726,,,
RC12-B-EUR-ONLY,,Adj. R-squared,0.5026275164127088,,,
RC12-B-EUR-ONLY,,N,106.0,,,
RC12-A-MID-VULN,"VULN-Exclude Middle East & North Africa (GDP, n=137)",Intercept,0.5811256671141576,0.04118390348899746,3.2722728528824097e-45,***
RC12-A-MID-VULN,"VULN-Exclude Middle East & North Africa (GDP, n=137)",C(REGION)[T.Europe & Central Asia],-0.04722995484150398,0.05322633826061884,0.3748949069488118,
RC12-A-MID-VULN,"VULN-Exclude Middle East & North Africa (GDP, n=137)",C(REGION)[T.Latin America & Caribbean],0.10614362373384778,0.05041061330600234,0.03524077458346437,**
RC12-A-MID-VULN,"VULN-Exclude Middle East & North Africa (GDP, n=137)",C(REGION)[T.Middle East & North Africa],-5.795393025451159e-17,1.143785445825261e-16,0.6123756275888033,
RC12-A-MID-VULN,"VULN-Exclude Middle East & North Africa (GDP, n=137)",C(REGION)[T.North America],0.15745195100602066,0.10479303593209084,0.13296700714813206,
RC12-A-MID-VULN,"VULN-Exclude Middle East & North Africa (GDP, n=137)",C(REGION)[T.South Asia],-0.22999059457821397,0.10249173023992997,0.024832933745369726,**
RC12-A-MID-VULN,"VULN-Exclude Middle East & North Africa (GDP, n=137)",C(REGION)[T.Sub-Saharan Africa],-0.23300986720129502,0.06334243289508956,0.00023454105596082476,***
RC12-A-MID-VULN,"VULN-Exclude Middle East & North Africa (GDP, n=137)",C_POVERTY,-0.0009370149572406424,0.0018998358759691775,0.6218653637982203,
RC12-A-MID-VULN,"VULN-Exclude Middle East & North Africa (GDP, n=137)",C_log_GDP,0.08048377064267627,0.02567226942623999,0.0017182659360267215,***
RC12-A-MID-VULN,"VULN-Exclude Middle East & North Africa (GDP, n=137)",C_log_DIS_EQK,0.06927037289246689,0.018987549993689186,0.0002640844103145631,***
RC12-A-MID-VULN,"VULN-Exclude Middle East & North Africa (GDP, n=137)",C_log_DIS_STM,0.005495735768758357,0.016679521673666813,0.7417853434057857,
RC12-A-MID-VULN,"VULN-Exclude Middle East & North Africa (GDP, n=137)",C_log_DIS_FLD,-0.027748940937079667,0.017440005870865964,0.11158516824061744,
RC12-A-MID-VULN,,R-squared,0.6670980342952709,,,
RC12-A-MID-VULN,,Adj. R-squared,0.6406772433663241,,,
RC12-A-MID-VULN,,N,137.0,,,
RC12-A-MID-ONLY,"ONLY-Exclude Middle East & North Africa (GDP, n=137)",Intercept,0.2547628885735066,0.052122993424391036,1.0200757942191383e-06,***
RC12-A-MID-ONLY,"ONLY-Exclude Middle East & North Africa (GDP, n=137)",C(REGION)[T.Europe & Central Asia],0.1310737742223731,0.06656230764095407,0.04893137399196469,**
RC12-A-MID-ONLY,"ONLY-Exclude Middle East & North Africa (GDP, n=137)",C(REGION)[T.Latin America & Caribbean],-0.1542869040987209,0.05502127542608854,0.00504522876862085,***
RC12-A-MID-ONLY,"ONLY-Exclude Middle East & North Africa (GDP, n=137)",C(REGION)[T.Middle East & North Africa],-4.462035885073779e-16,1.330114479833657e-16,0.0007947250923428816,***
RC12-A-MID-ONLY,"ONLY-Exclude Middle East & North Africa (GDP, n=137)",C(REGION)[T.North America],-0.3396866183724081,0.08708816504430911,9.599772941235487e-05,***
RC12-A-MID-ONLY,"ONLY-Exclude Middle East & North Africa (GDP, n=137)",C(REGION)[T.South Asia],0.10467131869397485,0.10976278373620457,0.34027910596149136,
RC12-A-MID-ONLY,"ONLY-Exclude Middle East & North Africa (GDP, n=137)",C(REGION)[T.Sub-Saharan Africa],-0.03574674505928614,0.05848888767024878,0.5410860054089486,
RC12-A-MID-ONLY,"ONLY-Exclude Middle East & North Africa (GDP, n=137)",C_POVERTY,0.0013805834413238018,0.0014763060588598158,0.34970547664294505,
RC12-A-MID-ONLY,"ONLY-Exclude Middle East & North Africa (GDP, n=137)",C_log_GDP,0.09770899870543116,0.024531858933435294,6.80670515098311e-05,***
RC12-A-MID-ONLY,"ONLY-Exclude Middle East & North Africa (GDP, n=137)",C_log_DIS_EQK,0.04553300886463822,0.02115238169444226,0.031348670746440155,**
RC12-A-MID-ONLY,"ONLY-Exclude Middle East & North Africa (GDP, n=137)",C_log_DIS_STM,-0.007680087789334104,0.013770311981264506,0.577030172966454,
RC12-A-MID-ONLY,"ONLY-Exclude Middle East & North Africa (GDP, n=137)",C_log_DIS_FLD,-0.010260628475543659,0.016780648968658485,0.5408977397431017,
RC12-A-MID-ONLY,,R-squared,0.6125198340599127,,,
RC12-A-MID-ONLY,,Adj. R-squared,0.5817674399376835,,,
RC12-A-MID-ONLY,,N,137.0,,,
RC12-B-MID-VULN,"VULN-Exclude Middle East & North Africa (Inst., n=137)",Intercept,0.5579183829873375,0.037469540968623594,3.8324071277204545e-50,***
RC12-B-MID-VULN,"VULN-Exclude Middle East & North Africa (Inst., n=137)",C(REGION)[T.Europe & Central Asia],-0.008133384821257446,0.04676035069265169,0.8619144748038021,
RC12-B-MID-VULN,"VULN-Exclude Middle East & North Africa (Inst., n=137)",C(REGION)[T.Latin America & Caribbean],0.16291710467920584,0.04792205103538246,0.0006747780366962234,***
RC12-B-MID-VULN,"VULN-Exclude Middle East & North Africa (Inst., n=137)",C(REGION)[T.Middle East & North Africa],-1.7907635816795506e-16,8.689720239660511e-17,0.03932365836705357,**
RC12-B-MID-VULN,"VULN-Exclude Middle East & North Africa (Inst., n=137)",C(REGION)[T.North America],0.1703052496939761,0.08153804364496522,0.03673834057354074,**
RC12-B-MID-VULN,"VULN-Exclude Middle East & North Africa (Inst., n=137)",C(REGION)[T.South Asia],-0.23799318933240374,0.09237992417771901,0.009988024868782648,***
RC12-B-MID-VULN,"VULN-Exclude Middle East & North Africa (Inst., n=137)",C(REGION)[T.Sub-Saharan Africa],-0.2318356318382541,0.05702057459021562,4.786300739992957e-05,***
RC12-B-MID-VULN,"VULN-Exclude Middle East & North Africa (Inst., n=137)",C_POVERTY,-0.002402287046377495,0.001532747877004059,0.11704286316469907,
RC12-B-MID-VULN,"VULN-Exclude Middle East & North Africa (Inst., n=137)",C_GOV_EFF,0.06854383004677625,0.02136578596713125,0.0013360954930936185,***
RC12-B-MID-VULN,"VULN-Exclude Middle East & North Africa (Inst., n=137)",C_CDBQ,0.007777637630442412,0.006608266368757397,0.23921313640606057,
RC12-B-MID-VULN,"VULN-Exclude Middle East & North Africa (Inst., n=137)",C_log_DIS_EQK,0.05660347279336579,0.018643792522598793,0.002397001870898164,***
RC12-B-MID-VULN,"VULN-Exclude Middle East & North Africa (Inst., n=137)",C_log_DIS_STM,0.007434167263864979,0.014752679456380565,0.6143177369421207,
RC12-B-MID-VULN,"VULN-Exclude Middle East & North Africa (Inst., n=137)",C_log_DIS_FLD,-0.023837389593188523,0.019485291247532368,0.22119639534440239,
RC12-B-MID-VULN,,R-squared,0.67467103274713,,,
RC12-B-MID-VULN,,Adj. R-squared,0.6460420836288774,,,
RC12-B-MID-VULN,,N,137.0,,,
RC12-B-MID-ONLY,"ONLY-Exclude Middle East & North Africa (Inst., n=137)",Intercept,0.22839940929270375,0.052351864913667494,1.2842298273582947e-05,***
RC12-B-MID-ONLY,"ONLY-Exclude Middle East & North Africa (Inst., n=137)",C(REGION)[T.Europe & Central Asia],0.18695614718615455,0.06477070743574613,0.0038963875852031813,***
RC12-B-MID-ONLY,"ONLY-Exclude Middle East & North Africa (Inst., n=137)",C(REGION)[T.Latin America & Caribbean],-0.0969377617378567,0.05297128434984901,0.067249059856733,*
RC12-B-MID-ONLY,"ONLY-Exclude Middle East & North Africa (Inst., n=137)",C(REGION)[T.Middle East & North Africa],2.9724990712354785e-16,7.195555275616979e-17,3.611554174985098e-05,***
RC12-B-MID-ONLY,"ONLY-Exclude Middle East & North Africa (Inst., n=137)",C(REGION)[T.North America],-0.29996823742822787,0.08260382232369805,0.0002818784005757881,***
RC12-B-MID-ONLY,"ONLY-Exclude Middle East & North Africa (Inst., n=137)",C(REGION)[T.South Asia],0.08639740561665955,0.10613071251575962,0.4156071368843135,
RC12-B-MID-ONLY,"ONLY-Exclude Middle East & North Africa (Inst., n=137)",C(REGION)[T.Sub-Saharan Africa],-0.03916723169706155,0.0570448859999761,0.4923324752096955,
RC12-B-MID-ONLY,"ONLY-Exclude Middle East & North Africa (Inst., n=137)",C_POVERTY,-0.001098877864740525,0.0010372712367921653,0.2894208462299872,
RC12-B-MID-ONLY,"ONLY-Exclude Middle East & North Africa (Inst., n=137)",C_GOV_EFF,0.054797436752713244,0.021301636881199456,0.010098098016818725,**
RC12-B-MID-ONLY,"ONLY-Exclude Middle East & North Africa (Inst., n=137)",C_CDBQ,0.010523456790330446,0.006015841417284866,0.08024074404775333,*
RC12-B-MID-ONLY,"ONLY-Exclude Middle East & North Africa (Inst., n=137)",C_log_DIS_EQK,0.029866751946334067,0.02346166892366554,0.20301732484760937,
RC12-B-MID-ONLY,"ONLY-Exclude Middle East & North Africa (Inst., n=137)",C_log_DIS_STM,-0.0001477270213003122,0.01407296226043042,0.9916245817572644,
RC12-B-MID-ONLY,"ONLY-Exclude Middle East & North Africa (Inst., n=137)",C_log_DIS_FLD,-0.01046208105140664,0.017996386077334472,0.5610090065830076,
RC12-B-MID-ONLY,,R-squared,0.5955048859436898,,,
RC12-B-MID-ONLY,,Adj. R-squared,0.5599093159067344,,,
RC12-B-MID-ONLY,,N,137.0,,,
RC12-A-LAT-VULN,"VULN-Exclude Latin America & Caribbean (GDP, n=126)",Intercept,0.6028656988029888,0.04027795173845571,1.1949477420362287e-50,***
RC12-A-LAT-VULN,"VULN-Exclude Latin America & Caribbean (GDP, n=126)",C(REGION)[T.Europe & Central Asia],-0.07729760571740256,0.051817505284555775,0.13577055580099726,
RC12-A-LAT-VULN,"VULN-Exclude Latin America & Caribbean (GDP, n=126)",C(REGION)[T.Latin America & Caribbean],3.6291754784601883e-16,1.0446451144283171e-16,0.00051261772287101,***
RC12-A-LAT-VULN,"VULN-Exclude Latin America & Caribbean (GDP, n=126)",C(REGION)[T.Middle East & North Africa],0.07557481886994584,0.07904086055546863,0.3389970955538256,
RC12-A-LAT-VULN,"VULN-Exclude Latin America & Caribbean (GDP, n=126)",C(REGION)[T.North America],0.14765409852026706,0.0901032490510523,0.1012713504024854,
RC12-A-LAT-VULN,"VULN-Exclude Latin America & Caribbean (GDP, n=126)",C(REGION)[T.South Asia],-0.23271680416008222,0.10270620756295348,0.023460602378275994,**
RC12-A-LAT-VULN,"VULN-Exclude Latin America & Caribbean (GDP, n=126)",C(REGION)[T.Sub-Saharan Africa],-0.2619801927951262,0.06306180191987433,3.2622719220852796e-05,***
RC12-A-LAT-VULN,"VULN-Exclude Latin America & Caribbean (GDP, n=126)",C_POVERTY,-0.0004611254152507811,0.0019474904066957717,0.8128280111708955,
RC12-A-LAT-VULN,"VULN-Exclude Latin America & Caribbean (GDP, n=126)",C_log_GDP,0.09405451077550263,0.02537143064418537,0.00020964355939284896,***
RC12-A-LAT-VULN,"VULN-Exclude Latin America & Caribbean (GDP, n=126)",C_log_DIS_EQK,0.05972222635711123,0.020145723994885553,0.003031641122660519,***
RC12-A-LAT-VULN,"VULN-Exclude Latin America & Caribbean (GDP, n=126)",C_log_DIS_STM,-0.010190895370377026,0.016568863383751173,0.5385130938339293,
RC12-A-LAT-VULN,"VULN-Exclude Latin America & Caribbean (GDP, n=126)",C_log_DIS_FLD,-0.017240567682228265,0.018217034830304873,0.3439455592657331,
RC12-A-LAT-VULN,,R-squared,0.6734167937147966,,,
RC12-A-LAT-VULN,,Adj. R-squared,0.6450182540378224,,,
RC12-A-LAT-VULN,,N,126.0,,,
RC12-A-LAT-ONLY,"ONLY-Exclude Latin America & Caribbean (GDP, n=126)",Intercept,0.2540121627233032,0.05387569738289337,2.4196979436592633e-06,***
RC12-A-LAT-ONLY,"ONLY-Exclude Latin America & Caribbean (GDP, n=126)",C(REGION)[T.Europe & Central Asia],0.11741639659017733,0.07021243750284391,0.0944647940964674,*
RC12-A-LAT-ONLY,"ONLY-Exclude Latin America & Caribbean (GDP, n=126)",C(REGION)[T.Latin America & Caribbean],-3.4010854697471644e-16,9.001991672855292e-17,0.00015799912736548735,***
RC12-A-LAT-ONLY,"ONLY-Exclude Latin America & Caribbean (GDP, n=126)",C(REGION)[T.Middle East & North Africa],0.2459594596085695,0.0935189389703383,0.008537238025960932,***
RC12-A-LAT-ONLY,"ONLY-Exclude Latin America & Caribbean (GDP, n=126)",C(REGION)[T.North America],-0.32530966506552855,0.09019863177182602,0.000310244876150025,***
RC12-A-LAT-ONLY,"ONLY-Exclude Latin America & Caribbean (GDP, n=126)",C(REGION)[T.South Asia],0.1141938491572132,0.10662372854182184,0.2841701217107706,
RC12-A-LAT-ONLY,"ONLY-Exclude Latin America & Caribbean (GDP, n=126)",C(REGION)[T.Sub-Saharan Africa],-0.015660705351270326,0.0647656848046954,0.8089307985602672,
RC12-A-LAT-ONLY,"ONLY-Exclude Latin America & Caribbean (GDP, n=126)",C_POVERTY,0.0006601283570085146,0.0017863508951646869,0.7117251608799258,
RC12-A-LAT-ONLY,"ONLY-Exclude Latin America & Caribbean (GDP, n=126)",C_log_GDP,0.10066723686257878,0.029837941896635613,0.0007413831584364158,***
RC12-A-LAT-ONLY,"ONLY-Exclude Latin America & Caribbean (GDP, n=126)",C_log_DIS_EQK,0.05226787066676911,0.02401743562072351,0.029536801062402737,**
RC12-A-LAT-ONLY,"ONLY-Exclude Latin America & Caribbean (GDP, n=126)",C_log_DIS_STM,-0.010099796369353459,0.017304555365783878,0.5594560998284241,
RC12-A-LAT-ONLY,"ONLY-Exclude Latin America & Caribbean (GDP, n=126)",C_log_DIS_FLD,-0.023123443672178407,0.0196696187057931,0.23975800922414803,
RC12-A-LAT-ONLY,,R-squared,0.5844836525021845,,,
RC12-A-LAT-ONLY,,Adj. R-squared,0.5483517961980267,,,
RC12-A-LAT-ONLY,,N,126.0,,,
RC12-B-LAT-VULN,"VULN-Exclude Latin America & Caribbean (Inst., n=126)",Intercept,0.5704089971186761,0.03638188902531577,2.1261549756368696e-55,***
RC12-B-LAT-VULN,"VULN-Exclude Latin America & Caribbean (Inst., n=126)",C(REGION)[T.Europe & Central Asia],-0.02206650033682809,0.046484620908421044,0.6349969719241098,
RC12-B-LAT-VULN,"VULN-Exclude Latin America & Caribbean (Inst., n=126)",C(REGION)[T.Latin America & Caribbean],-7.61233381156983e-16,2.0626457708841923e-16,0.00022375414617227312,***
RC12-B-LAT-VULN,"VULN-Exclude Latin America & Caribbean (Inst., n=126)",C(REGION)[T.Middle East & North Africa],0.11072563689795287,0.07577279328881831,0.1439372784225332,
RC12-B-LAT-VULN,"VULN-Exclude Latin America & Caribbean (Inst., n=126)",C(REGION)[T.North America],0.17676397111103093,0.06975182167546966,0.011270943668372372,**
RC12-B-LAT-VULN,"VULN-Exclude Latin America & Caribbean (Inst., n=126)",C(REGION)[T.South Asia],-0.2455441040065679,0.09294522962590696,0.008246307933687228,***
RC12-B-LAT-VULN,"VULN-Exclude Latin America & Caribbean (Inst., n=126)",C(REGION)[T.Sub-Saharan Africa],-0.24991595532399963,0.05635865211231174,9.23355384539549e-06,***
RC12-B-LAT-VULN,"VULN-Exclude Latin America & Caribbean (Inst., n=126)",C_POVERTY,-0.0027392590082096937,0.001616853255002646,0.09022890340968674,*
RC12-B-LAT-VULN,"VULN-Exclude Latin America & Caribbean (Inst., n=126)",C_GOV_EFF,0.06714198345772952,0.022054844063001483,0.0023320762061900826,***
RC12-B-LAT-VULN,"VULN-Exclude Latin America & Caribbean (Inst., n=126)",C_CDBQ,0.008595437611721043,0.0065268026399718775,0.18785718902278503,
RC12-B-LAT-VULN,"VULN-Exclude Latin America & Caribbean (Inst., n=126)",C_log_DIS_EQK,0.050828309600814414,0.019992608448979057,0.011010825217800342,**
RC12-B-LAT-VULN,"VULN-Exclude Latin America & Caribbean (Inst., n=126)",C_log_DIS_STM,-0.0040448111786160175,0.015999187025464996,0.8004123007529548,
RC12-B-LAT-VULN,"VULN-Exclude Latin America & Caribbean (Inst., n=126)",C_log_DIS_FLD,-0.01669540240624782,0.02103495572372889,0.4273712615794619,
RC12-B-LAT-VULN,,R-squared,0.6686670911026049,,,
RC12-B-LAT-VULN,,Adj. R-squared,0.6366963718230316,,,
RC12-B-LAT-VULN,,N,126.0,,,
RC12-B-LAT-ONLY,"ONLY-Exclude Latin America & Caribbean (Inst., n=126)",Intercept,0.2279276153290524,0.052794376060848656,1.579703438290861e-05,***
RC12-B-LAT-ONLY,"ONLY-Exclude Latin America & Caribbean (Inst., n=126)",C(REGION)[T.Europe & Central Asia],0.16626185551708114,0.06461570599131439,0.010079576554968855,**
RC12-B-LAT-ONLY,"ONLY-Exclude Latin America & Caribbean (Inst., n=126)",C(REGION)[T.Latin America & Caribbean],7.770493040139594e-16,2.541461503166314e-16,0.0022319911523721024,***
RC12-B-LAT-ONLY,"ONLY-Exclude Latin America & Caribbean (Inst., n=126)",C(REGION)[T.Middle East & North Africa],0.26059661507273324,0.08783437924073507,0.0030080992281777703,***
RC12-B-LAT-ONLY,"ONLY-Exclude Latin America & Caribbean (Inst., n=126)",C(REGION)[T.North America],-0.2954771773288348,0.08608318449325952,0.0005981298031585482,***
RC12-B-LAT-ONLY,"ONLY-Exclude Latin America & Caribbean (Inst., n=126)",C(REGION)[T.South Asia],0.09525709653775652,0.09964910787351317,0.3391100103263842,
RC12-B-LAT-ONLY,"ONLY-Exclude Latin America & Caribbean (Inst., n=126)",C(REGION)[T.Sub-Saharan Africa],-0.013238878274161462,0.061872361809679206,0.830569834110709,
RC12-B-LAT-ONLY,"ONLY-Exclude Latin America & Caribbean (Inst., n=126)",C_POVERTY,-0.0016960173479238496,0.0013141134712604584,0.1968364754071702,
RC12-B-LAT-ONLY,"ONLY-Exclude Latin America & Caribbean (Inst., n=126)",C_GOV_EFF,0.06143646009564939,0.0235016350642011,0.008945353477750263,***
RC12-B-LAT-ONLY,"ONLY-Exclude Latin America & Caribbean (Inst., n=126)",C_CDBQ,0.014009012096594163,0.006172174045437928,0.023225509437657277,**
RC12-B-LAT-ONLY,"ONLY-Exclude Latin America & Caribbean (Inst., n=126)",C_log_DIS_EQK,0.04038012443497174,0.025069448959628312,0.10723848905280352,
RC12-B-LAT-ONLY,"ONLY-Exclude Latin America & Caribbean (Inst., n=126)",C_log_DIS_STM,-0.0018858525110659757,0.01655371531019771,0.9092986604174973,
RC12-B-LAT-ONLY,"ONLY-Exclude Latin America & Caribbean (Inst., n=126)",C_log_DIS_FLD,-0.02826069907778926,0.02122898158605898,0.1831126934443854,
RC12-B-LAT-ONLY,,R-squared,0.5800844934522782,,,
RC12-B-LAT-ONLY,,Adj. R-squared,0.5395663305397786,,,
RC12-B-LAT-ONLY,,N,126.0,,,
RC12-A-EAS-VULN,"VULN-Exclude East Asia & Pacific (GDP, n=130)",Intercept,0.4884074916970926,0.025559932525661126,2.1526919860097935e-81,***
RC12-A-EAS-VULN,"VULN-Exclude East Asia & Pacific (GDP, n=130)",C(REGION)[T.Europe & Central Asia],0.05300806201004307,0.038722423480226906,0.17102297488760498,
RC12-A-EAS-VULN,"VULN-Exclude East Asia & Pacific (GDP, n=130)",C(REGION)[T.Latin America & Caribbean],0.21465979766640872,0.04201785732641866,3.2425344590807444e-07,***
RC12-A-EAS-VULN,"VULN-Exclude East Asia & Pacific (GDP, n=130)",C(REGION)[T.Middle East & North Africa],0.19509311113242528,0.060820154573201834,0.0013379868634949474,***
RC12-A-EAS-VULN,"VULN-Exclude East Asia & Pacific (GDP, n=130)",C(REGION)[T.North America],0.30069274179249633,0.08341467644495883,0.0003124003837562111,***
RC12-A-EAS-VULN,"VULN-Exclude East Asia & Pacific (GDP, n=130)",C(REGION)[T.South Asia],-0.10395566508890842,0.08728505717688106,0.23365735393117404,
RC12-A-EAS-VULN,"VULN-Exclude East Asia & Pacific (GDP, n=130)",C(REGION)[T.Sub-Saharan Africa],-0.17109055581537302,0.05437310334009679,0.0016517921972843373,***
RC12-A-EAS-VULN,"VULN-Exclude East Asia & Pacific (GDP, n=130)",C_POVERTY,7.034298584606856e-05,0.001838536673684306,0.9694801344328242,
RC12-A-EAS-VULN,"VULN-Exclude East Asia & Pacific (GDP, n=130)",C_log_GDP,0.07240208698237123,0.026583148176362034,0.0064573011334069595,***
RC12-A-EAS-VULN,"VULN-Exclude East Asia & Pacific (GDP, n=130)",C_log_DIS_EQK,0.0524064459906954,0.021268636532719716,0.01373866391246863,**
RC12-A-EAS-VULN,"VULN-Exclude East Asia & Pacific (GDP, n=130)",C_log_DIS_STM,0.004690706596355197,0.018556712517223274,0.8004406887108748,
RC12-A-EAS-VULN,"VULN-Exclude East Asia & Pacific (GDP, n=130)",C_log_DIS_FLD,-0.04015024759587104,0.018866179230274973,0.03332382175728999,**
RC12-A-EAS-VULN,,R-squared,0.6650809059548983,,,
RC12-A-EAS-VULN,,Adj. R-squared,0.636936444270436,,,
RC12-A-EAS-VULN,,N,130.0,,,
RC12-A-EAS-ONLY,"ONLY-Exclude East Asia & Pacific (GDP, n=130)",Intercept,0.22490135909028702,0.022257581883732298,5.277315020903503e-24,***
RC12-A-EAS-ONLY,"ONLY-Exclude East Asia & Pacific (GDP, n=130)",C(REGION)[T.Europe & Central Asia],0.17544440229409994,0.033197875033649286,1.2583652658299713e-07,***
RC12-A-EAS-ONLY,"ONLY-Exclude East Asia & Pacific (GDP, n=130)",C(REGION)[T.Latin America & Caribbean],-0.11232233626341338,0.02454989621701248,4.7561245036352736e-06,***
RC12-A-EAS-ONLY,"ONLY-Exclude East Asia & Pacific (GDP, n=130)",C(REGION)[T.Middle East & North Africa],0.2854527032821132,0.06509948162879692,1.1605556268898311e-05,***
RC12-A-EAS-ONLY,"ONLY-Exclude East Asia & Pacific (GDP, n=130)",C(REGION)[T.North America],-0.24629584110468575,0.046216049449062886,9.86313919712345e-08,***
RC12-A-EAS-ONLY,"ONLY-Exclude East Asia & Pacific (GDP, n=130)",C(REGION)[T.South Asia],0.15718831477056544,0.08781983070111701,0.07347072158827908,*
RC12-A-EAS-ONLY,"ONLY-Exclude East Asia & Pacific (GDP, n=130)",C(REGION)[T.Sub-Saharan Africa],-0.03456588388839173,0.04911511554362751,0.48157425622657946,
RC12-A-EAS-ONLY,"ONLY-Exclude East Asia & Pacific (GDP, n=130)",C_POVERTY,0.0011583105160696313,0.0016794484291868998,0.49038476303523637,
RC12-A-EAS-ONLY,"ONLY-Exclude East Asia & Pacific (GDP, n=130)",C_log_GDP,0.07078490714381844,0.026600124088813074,0.007789176200198549,***
RC12-A-EAS-ONLY,"ONLY-Exclude East Asia & Pacific (GDP, n=130)",C_log_DIS_EQK,0.02711959339871586,0.02114397953168369,0.19962685821652537,
RC12-A-EAS-ONLY,"ONLY-Exclude East Asia & Pacific (GDP, n=130)",C_log_DIS_STM,-0.0015397867852299403,0.013986667094642176,0.9123383047115584,
RC12-A-EAS-ONLY,"ONLY-Exclude East Asia & Pacific (GDP, n=130)",C_log_DIS_FLD,-0.02948008222119515,0.01681943093315746,0.07964671936650852,*
RC12-A-EAS-ONLY,,R-squared,0.651053113527144,,,
RC12-A-EAS-ONLY,,Adj. R-squared,0.6217298457563158,,,
RC12-A-EAS-ONLY,,N,130.0,,,
RC12-B-EAS-VULN,"VULN-Exclude East Asia & Pacific (Inst., n=130)",Intercept,0.4860073945071677,0.023984468713588777,2.704974092692165e-91,***
RC12-B-EAS-VULN,"VULN-Exclude East Asia & Pacific (Inst., n=130)",C(REGION)[T.Europe & Central Asia],0.07018838782304544,0.03475819138842827,0.043452545667125184,**
RC12-B-EAS-VULN,"VULN-Exclude East Asia & Pacific (Inst., n=130)",C(REGION)[T.Latin America & Caribbean],0.2442955994099893,0.036432810925549286,2.008920662639627e-11,***
RC12-B-EAS-VULN,"VULN-Exclude East Asia & Pacific (Inst., n=130)",C(REGION)[T.Middle East & North Africa],0.18854292375201834,0.06262784917205727,0.002607934869162675,***
RC12-B-EAS-VULN,"VULN-Exclude East Asia & Pacific (Inst., n=130)",C(REGION)[T.North America],0.30223905581964766,0.07554107160013131,6.307808115960277e-05,***
RC12-B-EAS-VULN,"VULN-Exclude East Asia & Pacific (Inst., n=130)",C(REGION)[T.South Asia],-0.13615591185251644,0.07785736096606563,0.08032790886047955,*
RC12-B-EAS-VULN,"VULN-Exclude East Asia & Pacific (Inst., n=130)",C(REGION)[T.Sub-Saharan Africa],-0.18310266044501478,0.051554431137396384,0.0003828416336266338,***
RC12-B-EAS-VULN,"VULN-Exclude East Asia & Pacific (Inst., n=130)",C_POVERTY,-0.001663339412020184,0.001469612878961516,0.2577094985462668,
RC12-B-EAS-VULN,"VULN-Exclude East Asia & Pacific (Inst., n=130)",C_GOV_EFF,0.04643029976645905,0.023663482863097277,0.049749957337368575,**
RC12-B-EAS-VULN,"VULN-Exclude East Asia & Pacific (Inst., n=130)",C_CDBQ,0.010369948649251356,0.00693899783473165,0.13505942140059993,
RC12-B-EAS-VULN,"VULN-Exclude East Asia & Pacific (Inst., n=130)",C_log_DIS_EQK,0.046134480588469015,0.022295119693780195,0.038521353422589985,**
RC12-B-EAS-VULN,"VULN-Exclude East Asia & Pacific (Inst., n=130)",C_log_DIS_STM,0.009424205547709891,0.017645433350968923,0.5932809912079151,
RC12-B-EAS-VULN,"VULN-Exclude East Asia & Pacific (Inst., n=130)",C_log_DIS_FLD,-0.043032667179360856,0.02052233351378059,0.03600507751307746,**
RC12-B-EAS-VULN,,R-squared,0.6667064381021215,,,
RC12-B-EAS-VULN,,Adj. R-squared,0.6356366992811329,,,
RC12-B-EAS-VULN,,N,130.0,,,
RC12-B-EAS-ONLY,"ONLY-Exclude East Asia & Pacific (Inst., n=130)",Intercept,0.22411149545395592,0.021296875559328597,6.753275329598338e-26,***
RC12-B-EAS-ONLY,"ONLY-Exclude East Asia & Pacific (Inst., n=130)",C(REGION)[T.Europe & Central Asia],0.1941612680090123,0.03158580131277412,7.890941029269393e-10,***
RC12-B-EAS-ONLY,"ONLY-Exclude East Asia & Pacific (Inst., n=130)",C(REGION)[T.Latin America & Caribbean],-0.09138361208473411,0.026203290181605755,0.0004875841421235526,***
RC12-B-EAS-ONLY,"ONLY-Exclude East Asia & Pacific (Inst., n=130)",C(REGION)[T.Middle East & North Africa],0.2963418594710704,0.06458397055414022,4.464982433578213e-06,***
RC12-B-EAS-ONLY,"ONLY-Exclude East Asia & Pacific (Inst., n=130)",C(REGION)[T.North America],-0.24886381865978546,0.04490849681447495,2.997625461419655e-08,***
RC12-B-EAS-ONLY,"ONLY-Exclude East Asia & Pacific (Inst., n=130)",C(REGION)[T.South Asia],0.12194504933877066,0.08129254977720507,0.13359456902578679,
RC12-B-EAS-ONLY,"ONLY-Exclude East Asia & Pacific (Inst., n=130)",C(REGION)[T.Sub-Saharan Africa],-0.04808925062037611,0.045033746273590296,0.2855885337250119,
RC12-B-EAS-ONLY,"ONLY-Exclude East Asia & Pacific (Inst., n=130)",C_POVERTY,-0.0005433395943611819,0.0013382551356415685,0.6847382029626246,
RC12-B-EAS-ONLY,"ONLY-Exclude East Asia & Pacific (Inst., n=130)",C_GOV_EFF,0.05773982144688562,0.02240680682399628,0.009969437855274989,***
RC12-B-EAS-ONLY,"ONLY-Exclude East Asia & Pacific (Inst., n=130)",C_CDBQ,0.0034928129903745615,0.005638962334934021,0.5356482419777427,
RC12-B-EAS-ONLY,"ONLY-Exclude East Asia & Pacific (Inst., n=130)",C_log_DIS_EQK,0.02447919249404611,0.02263531711631082,0.2794924964658758,
RC12-B-EAS-ONLY,"ONLY-Exclude East Asia & Pacific (Inst., n=130)",C_log_DIS_STM,0.0005418935394122567,0.013767560316708272,0.9686032335809399,
RC12-B-EAS-ONLY,"ONLY-Exclude East Asia & Pacific (Inst., n=130)",C_log_DIS_FLD,-0.026355787285430227,0.017657896146468607,0.13554768611146797,
RC12-B-EAS-ONLY,,R-squared,0.65133647588439,,,
RC12-B-EAS-ONLY,,Adj. R-squared,0.6188339439753078,,,
RC12-B-EAS-ONLY,,N,130.0,,,
RC12-A-SOU-VULN,"VULN-Exclude South Asia (GDP, n=144)",Intercept,0.5812677632450558,0.040422457822907966,6.927211634632958e-47,***
RC12-A-SOU-VULN,"VULN-Exclude South Asia (GDP, n=144)",C(REGION)[T.Europe & Central Asia],-0.04974068774205492,0.05163717759419453,0.33541064833698586,
RC12-A-SOU-VULN,"VULN-Exclude South Asia (GDP, n=144)",C(REGION)[T.Latin America & Caribbean],0.10558800847758101,0.05025729476707653,0.03564545162295676,**
RC12-A-SOU-VULN,"VULN-Exclude South Asia (GDP, n=144)",C(REGION)[T.Middle East & North Africa],0.10446215484861945,0.07644294873724845,0.1717703239750309,
RC12-A-SOU-VULN,"VULN-Exclude South Asia (GDP, n=144)",C(REGION)[T.North America],0.14572066180643892,0.10200008265769935,0.15310980693616644,
RC12-A-SOU-VULN,"VULN-Exclude South Asia (GDP, n=144)",C(REGION)[T.South Asia],-2.0116349564692615e-16,3.862186700867291e-16,0.6024685606421318,
RC12-A-SOU-VULN,"VULN-Exclude South Asia (GDP, n=144)",C(REGION)[T.Sub-Saharan Africa],-0.23085761909950625,0.06237789445876792,0.0002147917574159661,***
RC12-A-SOU-VULN,"VULN-Exclude South Asia (GDP, n=144)",C_POVERTY,-0.0011784138985950986,0.0018673913057920524,0.5280090174443841,
RC12-A-SOU-VULN,"VULN-Exclude South Asia (GDP, n=144)",C_log_GDP,0.080334473078946,0.02382389078001559,0.0007462088449180038,***
RC12-A-SOU-VULN,"VULN-Exclude South Asia (GDP, n=144)",C_log_DIS_EQK,0.05944227690755837,0.01801288390944385,0.0009668941868698723,***
RC12-A-SOU-VULN,"VULN-Exclude South Asia (GDP, n=144)",C_log_DIS_STM,0.010540498256865503,0.016542058106016774,0.5239985608596494,
RC12-A-SOU-VULN,"VULN-Exclude South Asia (GDP, n=144)",C_log_DIS_FLD,-0.027255493962884132,0.01660293863229897,0.10067155493675968,
RC12-A-SOU-VULN,,R-squared,0.6651898642535223,,,
RC12-A-SOU-VULN,,Adj. R-squared,0.6400161698364939,,,
RC12-A-SOU-VULN,,N,144.0,,,
RC12-A-SOU-ONLY,"ONLY-Exclude South Asia (GDP, n=144)",Intercept,0.24926021972825127,0.05145667216204946,1.2719988606512577e-06,***
RC12-A-SOU-ONLY,"ONLY-Exclude South Asia (GDP, n=144)",C(REGION)[T.Europe & Central Asia],0.1379735283836351,0.06602208087338815,0.0366349747601906,**
RC12-A-SOU-ONLY,"ONLY-Exclude South Asia (GDP, n=144)",C(REGION)[T.Latin America & Caribbean],-0.152600646893368,0.054526954961008026,0.005132027094043299,***
RC12-A-SOU-ONLY,"ONLY-Exclude South Asia (GDP, n=144)",C(REGION)[T.Middle East & North Africa],0.2664064529323164,0.08961782643445372,0.0029519775393345676,***
RC12-A-SOU-ONLY,"ONLY-Exclude South Asia (GDP, n=144)",C(REGION)[T.North America],-0.3484388781385086,0.0880866236440422,7.633037192284805e-05,***
RC12-A-SOU-ONLY,"ONLY-Exclude South Asia (GDP, n=144)",C(REGION)[T.South Asia],1.4878520997347859e-15,2.9777588168452833e-16,5.836502932211691e-07,***
RC12-A-SOU-ONLY,"ONLY-Exclude South Asia (GDP, n=144)",C(REGION)[T.Sub-Saharan Africa],-0.025758555495169214,0.05839873515980978,0.6591545688595921,
RC12-A-SOU-ONLY,"ONLY-Exclude South Asia (GDP, n=144)",C_POVERTY,0.0005457259211809535,0.0016406371163874588,0.7394132281455308,
RC12-A-SOU-ONLY,"ONLY-Exclude South Asia (GDP, n=144)",C_log_GDP,0.09053690451442481,0.026343826954834983,0.0005887587753669905,***
RC12-A-SOU-ONLY,"ONLY-Exclude South Asia (GDP, n=144)",C_log_DIS_EQK,0.03598810133388028,0.020448960611060062,0.078424966065502,*
RC12-A-SOU-ONLY,"ONLY-Exclude South Asia (GDP, n=144)",C_log_DIS_STM,-0.0003577633698091491,0.014199116233942068,0.9798984905745993,
RC12-A-SOU-ONLY,"ONLY-Exclude South Asia (GDP, n=144)",C_log_DIS_FLD,-0.008014229867964583,0.016159700565623974,0.6199372689271918,
RC12-A-SOU-ONLY,,R-squared,0.620884279926567,,,
RC12-A-SOU-ONLY,,Adj. R-squared,0.5923793385676622,,,
RC12-A-SOU-ONLY,,N,144.0,,,
RC12-B-SOU-VULN,"VULN-Exclude South Asia (Inst., n=144)",Intercept,0.5546372627063489,0.0371270479735768,1.839868444242635e-50,***
RC12-B-SOU-VULN,"VULN-Exclude South Asia (Inst., n=144)",C(REGION)[T.Europe & Central Asia],-0.0041272175271106215,0.045678311943073265,0.9280059214548891,
RC12-B-SOU-VULN,"VULN-Exclude South Asia (Inst., n=144)",C(REGION)[T.Latin America & Caribbean],0.16057511102303895,0.047611176213869975,0.0007445262483111311,***
RC12-B-SOU-VULN,"VULN-Exclude South Asia (Inst., n=144)",C(REGION)[T.Middle East & North Africa],0.13580119550074626,0.07500314272647063,0.07020174863663883,*
RC12-B-SOU-VULN,"VULN-Exclude South Asia (Inst., n=144)",C(REGION)[T.North America],0.1680846332309099,0.0838091462698921,0.0449027521507303,**
RC12-B-SOU-VULN,"VULN-Exclude South Asia (Inst., n=144)",C(REGION)[T.South Asia],1.8203017831581085e-16,2.7728475502413527e-16,0.5115193162599092,
RC12-B-SOU-VULN,"VULN-Exclude South Asia (Inst., n=144)",C(REGION)[T.Sub-Saharan Africa],-0.22398465222519454,0.056993524011800654,8.494522399395135e-05,***
RC12-B-SOU-VULN,"VULN-Exclude South Asia (Inst., n=144)",C_POVERTY,-0.0029006528968017445,0.0015466393062095283,0.06073011234238252,*
RC12-B-SOU-VULN,"VULN-Exclude South Asia (Inst., n=144)",C_GOV_EFF,0.06282874008131159,0.02087095058650561,0.0026095199057103477,***
RC12-B-SOU-VULN,"VULN-Exclude South Asia (Inst., n=144)",C_CDBQ,0.00704198601406135,0.006050773587314379,0.24449866027244682,
RC12-B-SOU-VULN,"VULN-Exclude South Asia (Inst., n=144)",C_log_DIS_EQK,0.052399717087260336,0.01793636277698384,0.0034843549945856394,***
RC12-B-SOU-VULN,"VULN-Exclude South Asia (Inst., n=144)",C_log_DIS_STM,0.012698371638486444,0.015121564403594313,0.401047166434754,
RC12-B-SOU-VULN,"VULN-Exclude South Asia (Inst., n=144)",C_log_DIS_FLD,-0.024101019239079036,0.01876283668266373,0.19896416526293215,
RC12-B-SOU-VULN,,R-squared,0.6668409716294825,,,
RC12-B-SOU-VULN,,Adj. R-squared,0.6390777192652728,,,
RC12-B-SOU-VULN,,N,144.0,,,
RC12-B-SOU-ONLY,"ONLY-Exclude South Asia (Inst., n=144)",Intercept,0.2225331192425008,0.05115583779741605,1.360741375183771e-05,***
RC12-B-SOU-ONLY,"ONLY-Exclude South Asia (Inst., n=144)",C(REGION)[T.Europe & Central Asia],0.1917366967929059,0.06205935162476864,0.002004466200753185,***
RC12-B-SOU-ONLY,"ONLY-Exclude South Asia (Inst., n=144)",C(REGION)[T.Latin America & Caribbean],-0.09844819179023903,0.052891683531666324,0.06269941831721801,*
RC12-B-SOU-ONLY,"ONLY-Exclude South Asia (Inst., n=144)",C(REGION)[T.Middle East & North Africa],0.2890882662745847,0.08566351288126264,0.0007389742314854095,***
RC12-B-SOU-ONLY,"ONLY-Exclude South Asia (Inst., n=144)",C(REGION)[T.North America],-0.30847483991792646,0.0826560264374528,0.00018994223865873532,***
RC12-B-SOU-ONLY,"ONLY-Exclude South Asia (Inst., n=144)",C(REGION)[T.South Asia],-1.1058291163879964e-15,2.513491495906612e-16,1.0846372066087579e-05,***
RC12-B-SOU-ONLY,"ONLY-Exclude South Asia (Inst., n=144)",C(REGION)[T.Sub-Saharan Africa],-0.023827995853284035,0.057468245030455195,0.6784135804572964,
RC12-B-SOU-ONLY,"ONLY-Exclude South Asia (Inst., n=144)",C_POVERTY,-0.0017981391621577406,0.0012293632032836029,0.14356070838156887,
RC12-B-SOU-ONLY,"ONLY-Exclude South Asia (Inst., n=144)",C_GOV_EFF,0.0520401172720302,0.02199308328631166,0.017971548375740866,**
RC12-B-SOU-ONLY,"ONLY-Exclude South Asia (Inst., n=144)",C_CDBQ,0.009474444538802643,0.005411085283507597,0.07995755510106445,*
RC12-B-SOU-ONLY,"ONLY-Exclude South Asia (Inst., n=144)",C_log_DIS_EQK,0.02709000843889002,0.02189792638643737,0.21604854083164815,
RC12-B-SOU-ONLY,"ONLY-Exclude South Asia (Inst., n=144)",C_log_DIS_STM,0.0049689116847554185,0.01426533093000911,0.727599263951197,
RC12-B-SOU-ONLY,"ONLY-Exclude South Asia (Inst., n=144)",C_log_DIS_FLD,-0.008407921990983107,0.01710320345436336,0.6230026737311822,
RC12-B-SOU-ONLY,,R-squared,0.6061160809972659,,,
RC12-B-SOU-ONLY,,Adj. R-squared,0.5732924210803714,,,
RC12-B-SOU-ONLY,,N,144.0,,,
RC12-A-NOR-VULN,"VULN-Exclude North America (GDP, n=148)",Intercept,0.5801104019239762,0.040216771106667715,3.6242134877504006e-47,***
RC12-A-NOR-VULN,"VULN-Exclude North America (GDP, n=148)",C(REGION)[T.Europe & Central Asia],-0.05482716029904344,0.051676359019154176,0.28870271130881,
RC12-A-NOR-VULN,"VULN-Exclude North America (GDP, n=148)",C(REGION)[T.Latin America & Caribbean],0.10637245672906044,0.04979630703455618,0.032667065924619466,**
RC12-A-NOR-VULN,"VULN-Exclude North America (GDP, n=148)",C(REGION)[T.Middle East & North Africa],0.10222389704306228,0.07599500056567446,0.17858010445991557,
RC12-A-NOR-VULN,"VULN-Exclude North America (GDP, n=148)",C(REGION)[T.North America],-1.3778181171843533e-16,3.9673237755212276e-17,0.0005148369666388287,***
RC12-A-NOR-VULN,"VULN-Exclude North America (GDP, n=148)",C(REGION)[T.South Asia],-0.221252025439305,0.09971436945611388,0.026496387294452615,**
RC12-A-NOR-VULN,"VULN-Exclude North America (GDP, n=148)",C(REGION)[T.Sub-Saharan Africa],-0.22180121868373703,0.0634128824271369,0.0004692337666004309,***
RC12-A-NOR-VULN,"VULN-Exclude North America (GDP, n=148)",C_POVERTY,-0.0009973338338831793,0.00188465509282082,0.5966761537369194,
RC12-A-NOR-VULN,"VULN-Exclude North America (GDP, n=148)",C_log_GDP,0.0855259468607575,0.024012806587983365,0.0003684885315618746,***
RC12-A-NOR-VULN,"VULN-Exclude North America (GDP, n=148)",C_log_DIS_EQK,0.06667352475346433,0.01796384014397908,0.00020600149373026697,***
RC12-A-NOR-VULN,"VULN-Exclude North America (GDP, n=148)",C_log_DIS_STM,0.010473708644364067,0.01643459188287812,0.523931700270232,
RC12-A-NOR-VULN,"VULN-Exclude North America (GDP, n=148)",C_log_DIS_FLD,-0.034042522393121506,0.01699462557738979,0.0451628437930736,**
RC12-A-NOR-VULN,,R-squared,0.6527294038186151,,,
RC12-A-NOR-VULN,,Adj. R-squared,0.6273811851192439,,,
RC12-A-NOR-VULN,,N,148.0,,,
RC12-A-NOR-ONLY,"ONLY-Exclude North America (GDP, n=148)",Intercept,0.2500838657488493,0.05183760366831716,1.4044532008828139e-06,***
RC12-A-NOR-ONLY,"ONLY-Exclude North America (GDP, n=148)",C(REGION)[T.Europe & Central Asia],0.13054392104550372,0.06671139469478056,0.05036558545717773,*
RC12-A-NOR-ONLY,"ONLY-Exclude North America (GDP, n=148)",C(REGION)[T.Latin America & Caribbean],-0.1527284001959648,0.054951597834373055,0.005447184106979881,***
RC12-A-NOR-ONLY,"ONLY-Exclude North America (GDP, n=148)",C(REGION)[T.Middle East & North Africa],0.26114174209368074,0.08993942476769166,0.0036898261253004937,***
RC12-A-NOR-ONLY,"ONLY-Exclude North America (GDP, n=148)",C(REGION)[T.North America],-5.375957047154632e-17,5.44833184847961e-17,0.323781808584894,
RC12-A-NOR-ONLY,"ONLY-Exclude North America (GDP, n=148)",C(REGION)[T.South Asia],0.10949097893735614,0.10823728969126592,0.3117375804356073,
RC12-A-NOR-ONLY,"ONLY-Exclude North America (GDP, n=148)",C(REGION)[T.Sub-Saharan Africa],-0.02016832192535855,0.0602937472315825,0.7380014965988957,
RC12-A-NOR-ONLY,"ONLY-Exclude North America (GDP, n=148)",C_POVERTY,0.0007274648502346508,0.0016695419031169528,0.663034654902606,
RC12-A-NOR-ONLY,"ONLY-Exclude North America (GDP, n=148)",C_log_GDP,0.09566852531913927,0.02655116791524612,0.0003143527804107889,***
RC12-A-NOR-ONLY,"ONLY-Exclude North America (GDP, n=148)",C_log_DIS_EQK,0.04167985592981607,0.020417386418939438,0.04121204130607244,**
RC12-A-NOR-ONLY,"ONLY-Exclude North America (GDP, n=148)",C_log_DIS_STM,-0.0016919934330731062,0.014339278648653732,0.9060699481564481,
RC12-A-NOR-ONLY,"ONLY-Exclude North America (GDP, n=148)",C_log_DIS_FLD,-0.014902765417248187,0.016589327018842845,0.3690072248034214,
RC12-A-NOR-ONLY,,R-squared,0.5999378855893849,,,
RC12-A-NOR-ONLY,,Adj. R-squared,0.5707362713988291,,,
RC12-A-NOR-ONLY,,N,148.0,,,
RC12-B-NOR-VULN,"VULN-Exclude North America (Inst., n=148)",Intercept,0.5551268024020946,0.03734877804859568,5.702841937489925e-50,***
RC12-B-NOR-VULN,"VULN-Exclude North America (Inst., n=148)",C(REGION)[T.Europe & Central Asia],-0.010953142335354597,0.04630519145020081,0.8130117897382712,
RC12-B-NOR-VULN,"VULN-Exclude North America (Inst., n=148)",C(REGION)[T.Latin America & Caribbean],0.16436489681750563,0.04728906019600063,0.0005094291083857402,***
RC12-B-NOR-VULN,"VULN-Exclude North America (Inst., n=148)",C(REGION)[T.Middle East & North Africa],0.12972369872385192,0.07483855499926707,0.08302804494457566,*
RC12-B-NOR-VULN,"VULN-Exclude North America (Inst., n=148)",C(REGION)[T.North America],9.279988387599437e-16,2.01339400060485e-16,4.04363536992575e-06,***
RC12-B-NOR-VULN,"VULN-Exclude North America (Inst., n=148)",C(REGION)[T.South Asia],-0.2330613527393698,0.08970799622702715,0.009376855928112826,***
RC12-B-NOR-VULN,"VULN-Exclude North America (Inst., n=148)",C(REGION)[T.Sub-Saharan Africa],-0.21949037538191507,0.057738512079642125,0.00014384866631829847,***
RC12-B-NOR-VULN,"VULN-Exclude North America (Inst., n=148)",C_POVERTY,-0.002742207261083489,0.0015556268957403214,0.07793984899676532,*
RC12-B-NOR-VULN,"VULN-Exclude North America (Inst., n=148)",C_GOV_EFF,0.06721641256318744,0.020696173039973374,0.001163131981043593,***
RC12-B-NOR-VULN,"VULN-Exclude North America (Inst., n=148)",C_CDBQ,0.008435557341240567,0.0060564773520922505,0.16367549963689154,
RC12-B-NOR-VULN,"VULN-Exclude North America (Inst., n=148)",C_log_DIS_EQK,0.0568872529595965,0.017822669211604584,0.0014136565229681934,***
RC12-B-NOR-VULN,"VULN-Exclude North America (Inst., n=148)",C_log_DIS_STM,0.011821444940031265,0.015033758545830703,0.43167614550579236,
RC12-B-NOR-VULN,"VULN-Exclude North America (Inst., n=148)",C_log_DIS_FLD,-0.030938849114578337,0.018814647403389305,0.10009313418104064,
RC12-B-NOR-VULN,,R-squared,0.6571342187556555,,,
RC12-B-NOR-VULN,,Adj. R-squared,0.6294024276255983,,,
RC12-B-NOR-VULN,,N,148.0,,,
RC12-B-NOR-ONLY,"ONLY-Exclude North America (Inst., n=148)",Intercept,0.22594455034598165,0.051957172451140975,1.3696618850692182e-05,***
RC12-B-NOR-ONLY,"ONLY-Exclude North America (Inst., n=148)",C(REGION)[T.Europe & Central Asia],0.18109247845261622,0.06334039585986818,0.004249304222618323,***
RC12-B-NOR-ONLY,"ONLY-Exclude North America (Inst., n=148)",C(REGION)[T.Latin America & Caribbean],-0.09563998156364964,0.05361821064596073,0.07446885057209263,*
RC12-B-NOR-ONLY,"ONLY-Exclude North America (Inst., n=148)",C(REGION)[T.Middle East & North Africa],0.2781245215483604,0.08649334658573193,0.0013019040191340585,***
RC12-B-NOR-ONLY,"ONLY-Exclude North America (Inst., n=148)",C(REGION)[T.North America],3.5718974166434795e-17,2.1388562465982376e-16,0.867369773575421,
RC12-B-NOR-ONLY,"ONLY-Exclude North America (Inst., n=148)",C(REGION)[T.South Asia],0.09018634815008085,0.10330083910071144,0.382638196498413,
RC12-B-NOR-ONLY,"ONLY-Exclude North America (Inst., n=148)",C(REGION)[T.Sub-Saharan Africa],-0.02395864595777709,0.05936750858729355,0.6865326602878331,
RC12-B-NOR-ONLY,"ONLY-Exclude North America (Inst., n=148)",C_POVERTY,-0.001607940662638372,0.0012596937735021442,0.20179521614736806,
RC12-B-NOR-ONLY,"ONLY-Exclude North America (Inst., n=148)",C_GOV_EFF,0.05649211372863554,0.02160200087530939,0.00891926154827325,***
RC12-B-NOR-ONLY,"ONLY-Exclude North America (Inst., n=148)",C_CDBQ,0.011242060728699384,0.00555629176498196,0.043041937599792746,**
RC12-B-NOR-ONLY,"ONLY-Exclude North America (Inst., n=148)",C_log_DIS_EQK,0.029570470547646444,0.022039913854208712,0.17970037901791924,
RC12-B-NOR-ONLY,"ONLY-Exclude North America (Inst., n=148)",C_log_DIS_STM,0.002658166947794414,0.014289595244271714,0.8524281750934835,
RC12-B-NOR-ONLY,"ONLY-Exclude North America (Inst., n=148)",C_log_DIS_FLD,-0.015546815259934586,0.01759075649296508,0.3768009737119208,
RC12-B-NOR-ONLY,,R-squared,0.5896915763319118,,,
RC12-B-NOR-ONLY,,Adj. R-squared,0.5565048655940518,,,
RC12-B-NOR-ONLY,,N,148.0,,,
